artist_id,artist_name,total_followers,genres,popularity
0du5cEVh5yTK9QJze8zA0C,Bruno Mars,43061155,"['dance pop', 'pop']",87
4IWBUUAFIplrNtaOHcJPRM,James Arthur,10246473,"['pop', 'talent show', 'uk pop']",79
69GGBxA162lTqCwzJG5jLp,The Chainsmokers,19433077,"['dance pop', 'edm', 'electropop', 'pop', 'pop dance', 'tropical house']",80
04gDigrS5kc9YWfZHwBETP,Maroon 5,37779181,['pop'],85
5p7f24Rk5HkUZsaS3BLG5F,Hailee Steinfeld,8026326,"['dance pop', 'pop', 'post-teen pop', 'uk pop']",72
2wUjUUtkb5lvLKcGKsKqsR,Alessia Cara,10653119,"['canadian contemporary r&b', 'canadian pop', 'dance pop', 'pop', 'post-teen pop', 'uk pop']",74
540vIaP2JwjQb9dm3aArA4,DJ Snake,8059089,"['dance pop', 'edm', 'electronic trap', 'pop', 'pop dance', 'pop rap']",77
1Xyo4u8uXC1ZmMpatF05PJ,The Weeknd,49273630,"['canadian contemporary r&b', 'canadian pop', 'pop']",93
46GXASE9LHzyssNqKOInUu,Dawin,222149,['nyc pop'],52
738wLrAtLtCtFOLvQBXOXp,Major Lazer,6302098,"['dance pop', 'edm', 'electro house', 'moombahton', 'pop', 'pop dance', 'pop rap', 'tropical house']",74
1HBjj22wzbscIZ9sEb5dyf,Jonas Blue,3610340,"['dance pop', 'edm', 'pop', 'pop dance', 'tropical house', 'uk dance']",75
6TIYQ3jFPwQSRmorSezPxX,Machine Gun Kelly,4772817,['ohio hip hop'],81
5ZsFI1h6hIdQRw2ti0hz81,ZAYN,21250573,"['dance pop', 'pop', 'post-teen pop', 'uk pop']",76
7gAppWoH7pcYmphCVTXkzs,The Vamps,5345821,"['boy band', 'dance pop', 'pop', 'post-teen pop', 'uk pop']",69
60d24wfXkVzDSfLS6hyCjZ,Martin Garrix,15609956,"['dance pop', 'dutch edm', 'edm', 'electro house', 'pop', 'pop dance', 'progressive house', 'tropical house']",76
66CXWjxzNUsdJxJ2JdwvnR,Ariana Grande,82969929,"['dance pop', 'pop']",88
02A3cEvlLLCbIMVDrK2GHV,Starley,169933,"['aussietronica', 'australian pop', 'dance pop', 'deep tropical house', 'edm', 'electropop', 'pop dance', 'pop edm', 'tropical house', 'uk pop']",57
2oX42qP5ineK3hrhBECLmj,Andy Grammer,1089551,"['dance pop', 'neo mellow', 'pop', 'pop rap', 'pop rock']",70
7n2wHs1TKAczGzO7Dd2rGr,Shawn Mendes,39162236,"['canadian pop', 'dance pop', 'pop', 'viral pop']",84
6MDME20pz9RveH9rEXvrOM,Clean Bandit,4898937,"['dance pop', 'edm', 'pop', 'pop dance', 'tropical house', 'uk dance', 'uk funky', 'uk pop']",75
0jKQrxK2zHqxyOAyIMrUQt,SUD,499783,"['opm', 'pinoy rock']",51
6VuMaDnrHyPL1p4EHjYLi7,Charlie Puth,17380176,"['dance pop', 'pop', 'viral pop']",83
77AiFEVeAVj2ORpC85QVJs,Steve Aoki,3689262,"['dance pop', 'edm', 'electro house', 'pop dance', 'pop rap', 'tropical house']",73
3e7awlrlDSwF3iM0WBjGMp,Little Mix,10705371,"['dance pop', 'girl group', 'pop', 'post-teen pop', 'talent show', 'uk pop']",77
3iri9nBFs9e4wN7PLIetAw,gnash,1583368,['pop'],64
31TPClRtHm23RisEBtV3X7,Justin Timberlake,12164141,"['dance pop', 'pop']",80
7iZtZyCzp3LItcw1wtPI3D,Rae Sremmurd,6923144,"['hip hop', 'melodic rap', 'mississippi hip hop', 'pop rap', 'rap', 'southern hip hop', 'trap']",72
3WGpXCj9YhhfX11TToZcXP,Troye Sivan,7109198,"['australian pop', 'dance pop', 'pop', 'viral pop']",76
3TVXtAsR1Inumwj472S9r4,Drake,66787419,"['canadian hip hop', 'canadian pop', 'hip hop', 'rap', 'toronto rap']",95
6Dd3NScHWwnW6obMFbl1BH,Daya,1419315,"['alt z', 'dance pop', 'edm', 'electropop', 'pop', 'pop dance', 'post-teen pop', 'tropical house', 'uk pop']",70
7nKeLE1toRtW4M279iS26h,Zay Hilfigerrr,62410,[],41
4nGp682WMiKS4X217kPw8C,Silent Sanctuary,2671017,"['opm', 'pinoy rock']",61
2LZDXcxJWgsJfKXZv9a5eG,Cashmere Cat,318469,"['dance pop', 'downtempo', 'pop', 'post-teen pop', 'shiver pop']",56
3tQx1LPXbsYjE9VwN1Peaa,Marc E. Bassy,400289,"['pop', 'pop rap', 'r&b']",62
6lB8vOoI4DRrrVxXwuV19c,Mike Perry,1389753,"['dance pop', 'edm', 'electro house', 'pop', 'pop dance', 'pop edm', 'swedish tropical house', 'tropical house']",66
50JJSqHUf2RQ9xsHs0KMHg,Jon Bellion,1313191,['pop rap'],67
3wbCeEPAW6po7J46netxMT,Up Dharma Down,869900,"['opm', 'pinoy indie', 'pinoy reggae', 'pinoy rock', 'pop rock']",55
0q4NrXqJnc367PieejuROJ,Vice,19847,['chicano rap'],43
6eUKZXaKkcviH0Ku9w2n3V,Ed Sheeran,102048541,"['pop', 'uk pop']",90
0rZRTXEmmPmx6gt92tBqIc,Moira Dela Torre,7536896,['opm'],70
3r3Rkuc4jmZHXgchgaXwnv,Suzi,8388,[],43
15NtJjjHRFybdNSMyM9smT,Nevada,14744,['eurodance'],48
7CajNmpbOovFoOoasH2HaY,Calvin Harris,22814532,"['dance pop', 'edm', 'electro house', 'house', 'pop', 'progressive house', 'uk dance']",85
1l8Fu6IkuTP0U5QetQJ5Xt,Fifth Harmony,14782432,"['dance pop', 'girl group', 'pop', 'post-teen pop', 'talent show', 'uk pop']",68
1vg8YXdgvLLPPeXZkM7g5W,Daryl Ong,613896,['opm'],46
1Xylc3o4UrD53lo9CvFvVg,Zara Larsson,10364374,"['dance pop', 'edm', 'electropop', 'pop', 'pop dance', 'post-teen pop', 'scandipop', 'swedish electropop', 'swedish pop', 'tropical house', 'uk pop']",76
0NGAZxHanS9e0iNHpR8f2W,Alok,11760643,"['electro house', 'pop nacional', 'slap house']",79
787bCXOIvGeBw0Bc4kEjhD,Luke Christopher,165860,"['indie pop rap', 'pop rap']",48
0DnjaQqb436AH1idffI6CQ,Yeng Constantino,2379751,['opm'],54
1uNFoZAHBGtllmzznpCI3s,Justin Bieber,65517755,"['canadian pop', 'pop']",90
1t2caVgyabZrVDAlmMGraV,Michael Pangilinan,1499976,['opm'],52
3Gm5F95VdRxW3mqCn8RPBJ,Aminé,1805935,"['hip hop', 'pop', 'portland hip hop', 'rap']",69
2KsP6tYLJlTBvSUxnwlVWa,Mike Posner,1290359,"['dance pop', 'edm', 'pop', 'pop rap']",70
25u4wHJWxCA9vO0CzxAbK7,Lukas Graham,1965547,"['danish pop', 'pop', 'scandipop']",71
05o1zW8b6PV6rEquXr74sB,State of Sound,45077,"['deep tropical house', 'swedish tropical house', 'tropical house']",40
5y2Xq6xcjJb2jVM54GHK3t,John Legend,6258537,"['neo mellow', 'neo soul', 'pop', 'pop soul', 'r&b', 'urban contemporary']",77
5WUlDfRSoLAfcVSX1WnrxN,Sia,24283414,"['australian dance', 'australian pop', 'dance pop', 'pop']",83
4BNWanhw4AjSXjBm9L1Jzy,Juris,684883,['opm'],51
6T5tfhQCknKG4UnH90qGnz,DNCE,4264598,"['dance pop', 'pop', 'post-teen pop', 'uk pop']",71
2kZThDGZcHl4klYYFk0v8n,Moonstar88,870375,"['opm', 'pinoy rock', 'pop rock']",52
4dpARuHxo51G3z768sgnrY,Adele,42108900,"['british soul', 'pop', 'pop soul', 'uk pop']",84
4qzcg58jZdJ9ujEI6Cs3Ad,Krissy,14884,['opm'],34
0bdfiayQAKewqEvaU6rXCv,MØ,1379951,"['dance pop', 'danish pop', 'electropop', 'pop', 'tropical house']",69
6JL8zeS1NmiOftqZTRgdTz,Meghan Trainor,11638662,"['dance pop', 'hip pop', 'pop', 'post-teen pop', 'uk pop']",74
3t5xRXzsuZmMDkQzgOX35S,Robin Schulz,2958790,"['dance pop', 'deep euro house', 'deep house', 'edm', 'german dance', 'pop', 'pop dance', 'tropical house']",77
4gzpq5DPGxSnKTe4SA8HAU,Coldplay,38313738,"['permanent wave', 'pop']",88
7vk5e3vY1uw9plTHJAMwjN,Alan Walker,35015930,['electro house'],80
5M0lbkGluOPXLeFjApw8r8,DRAM,821046,"['pop rap', 'rap', 'underground hip hop', 'virginia hip hop']",61
3YQKmKGau1PzlVlkL1iodx,Twenty One Pilots,22482369,"['modern rock', 'rock']",80
6aiCKnIN68hohzU3ZzNq48,Sarah Geronimo,3228851,['opm'],56
2tQbSWgZLIB8MXMnsXVRro,Nina,613870,"['dance pop', 'opm', 'pop rock']",54
2JEIN1g27pZdm3hKB9EwE5,Mark Carpio,156327,['opm'],49
5elcNQkZ6FCZA3grSOMngY,MYMP,942225,['opm'],58
6d47Z08T4snK50HgTEHo5Z,Sage The Gemini,819012,"['dance pop', 'hyphy', 'pop rap', 'rap', 'southern hip hop', 'viral rap']",64
6gK1Uct5FEdaUWRWpU4Cl2,Petit Biscuit,921683,['tropical house'],63
6ZgBJRjJsK1iOJGKGZxEUv,South Border,870675,"['classic opm', 'dance pop', 'opm']",55
24fEOzlKhgSNLIcy9NdmwH,James Reid,315901,"['deep neofolk', 'opm', 'pinoy r&b']",51
3nZa8vRD64ueq3d0JNYTsl,6cyclemind,1008747,"['opm', 'pinoy rock', 'pop rock']",51
5pKCCKE2ajJHZ9KAiaK11H,Rihanna,49972256,"['barbadian pop', 'dance pop', 'pop', 'urban contemporary']",87
6s22t5Y3prQHyaHWUN1R1C,AJR,2488547,['modern rock'],76
2wY79sveU1sp5g7SokKOiI,Sam Smith,20081402,"['dance pop', 'pop', 'uk pop']",83
4NeCu267LZemnoq44lZYKy,Julie Anne San Jose,641088,['opm'],51
21E3waRsmPlU7jZsS13rcj,Ne-Yo,7399231,"['dance pop', 'pop', 'urban contemporary']",77
0ekbDNE2eOq8QiaXM34wer,Howie Day,306179,"['acoustic pop', 'neo mellow', 'pop rock']",55
2GqX0GnrKdi6Z2X2OReYOK,Piolo Pascual,213057,['opm'],42
0jarApAsbmiCkYhz0590mE,Freestyle,217912,"['dance pop', 'opm', 'pop rock']",56
1Hsdzj7Dlq2I7tHP7501T4,Niall Horan,8825332,"['dance pop', 'neo mellow', 'pop', 'post-teen pop', 'uk pop']",75
3C4t1usFGoKHCSRdujm2GN,Ryan Cabrera,79962,"['neo mellow', 'pop rock', 'post-teen pop']",47
2Hjj68yyUPiC0HKEOigcEp,Jesse McCartney,920596,"['dance pop', 'neo mellow', 'pop', 'post-teen pop']",60
4AK6F7OLvEQ5QYCBNiQWHq,One Direction,27257824,"['boy band', 'pop', 'post-teen pop', 'talent show']",84
6ydoSd3N2mwgwBHtF6K7eX,Calum Scott,4493142,"['neo mellow', 'pop', 'uk pop']",78
0EmeFodog0BfCgMzAIvKQp,Shakira,24874456,"['colombian pop', 'dance pop', 'latin pop']",85
3wjsrpfO6odEphTZWx45RQ,Hearts & Colors,129953,"['australian pop', 'channel pop', 'neo mellow', 'pop rock', 'post-teen pop', 'uk pop', 'viral pop']",53
2sil8z5kiy4r76CRTXxBCA,The Goo Goo Dolls,2318881,"['neo mellow', 'permanent wave', 'pop rock']",71
0jNDKefhfSbLR9sFvcPLHo,San Holo,665355,"['edm', 'electro house', 'electronic trap', 'electropop', 'future bass', 'pop dance', 'pop edm', 'vapor twitch']",58
64M6ah0SkkRsnPGtGiRAbb,Bebe Rexha,7524069,"['dance pop', 'electropop', 'pop', 'post-teen pop', 'uk pop']",81
3AQRLZ9PuTAozP28Skbq8V,The Script,7452900,"['celtic rock', 'neo mellow', 'pop', 'pop rock', 'uk pop']",73
2mxe0TnaNL039ysAj51xPQ,R. Kelly,2461759,[],66
5oWOx0BBDSMoFB8JDrjQre,Katharine McPhee,174897,"['dance pop', 'idol', 'post-teen pop']",52
55fhWPvDiMpLnE4ZzNXZyW,Noah Cyrus,1019598,"['dance pop', 'pop', 'post-teen pop']",71
6oMuImdp5ZcFhWP0ESe6mG,Migos,12527249,"['atl hip hop', 'hip hop', 'pop rap', 'rap', 'trap']",77
5H6xmHXjsq98NLbEjuE29f,NEIKED,121664,"['dance pop', 'pop', 'pop dance', 'scandipop', 'tropical house']",68
6w7j5wQ5AI5OQYlcM15s2L,Extreme,460617,"['album rock', 'funk metal', 'glam metal', 'hard rock', 'rock']",61
1anyVhU62p31KFi8MEzkbf,Chance the Rapper,5736195,"['chicago rap', 'conscious hip hop', 'hip hop', 'pop rap', 'rap']",75
02kJSzxNuaWGqwubyUba0Z,G-Eazy,5093649,"['indie pop rap', 'oakland hip hop', 'pop', 'pop rap', 'rap']",75
6X9aYHnQ75YI8o08aoa0iS,Boyzone,931901,"['boy band', 'dance pop', 'europop', 'soft rock']",60
4ehtJnVumNf6xzSCDk8aLB,Martin Jensen,1274265,"['dance pop', 'danish electronic', 'deep house', 'edm', 'electro house', 'pop', 'pop dance', 'pop edm', 'tropical house', 'uk pop']",67
0t7vWPRBcVv4xBEHPZHSWA,Sitti,73867,['opm'],47
1vSN1fsvrzpbttOYGsliDr,Tori Kelly,2052674,['dance pop'],66
5ILrArfIV0tMURcHJN8Q07,Vanessa Carlton,556083,"['lilith', 'neo mellow', 'piano rock', 'pop rock', 'post-teen pop']",63
6dC0rIJNLSFZwqckLgXJ8p,Timeflies,324470,"['dance pop', 'indie pop rap', 'pop', 'pop dance', 'pop rap', 'pop rock', 'post-teen pop', 'tropical house']",55
69ug07KFFRhcCZ7iZ1Mn1i,Bailey May,58310,[],31
2Rf4X6m0oayCJhaJ5K63GQ,Nathan Sykes,472246,"['post-teen pop', 'uk pop']",57
5X4LWwbUFNzPkEas04uU82,DVBBS,1000410,"['canadian electronic', 'dance pop', 'edm', 'electro house', 'pop', 'pop dance', 'pop edm', 'progressive electro house', 'slap house', 'tropical house']",63
0C8ZW7ezQVs4URX5aX7Kqx,Selena Gomez,37227326,"['dance pop', 'pop', 'post-teen pop']",82
36jaGQtMj5UWD0eO1fCVdD,Joel Adams,167323,"['australian pop', 'pop soul']",54
5PokPZn11xzZXyXSfnvIM3,Lifehouse,1832428,"['alternative metal', 'neo mellow', 'pop rock', 'post-grunge']",64
5aMmmNxw4vgpc5XC6hK0zp,The Calling,669779,"['neo mellow', 'pop rock']",61
2FwJwEswyIUAljqgjNSHgP,Snakehips,344387,"['edm', 'electro house', 'pop', 'pop dance', 'tropical house']",63
0AJUYWKztkg5dnrHDIBv47,MiC LOWRY,47824,[],38
4phGZZrJZRo4ElhRtViYdl,Jason Mraz,6796753,"['acoustic pop', 'neo mellow', 'pop', 'pop rock']",72
7374lH6kwx9uQATYQ9H3Cp,Eraserheads,2772092,"['opm', 'pinoy reggae', 'pinoy rock']",61
6aZyMrc4doVtZyKNilOmwu,Colbie Caillat,2388402,"['dance pop', 'neo mellow', 'pop', 'pop rock']",67
3RpJ6OyOnaXRFRXSirgQa6,Jericho Rosales,98399,['opm'],46
6wPhSqRtPu1UhRCDX5yaDJ,The Pussycat Dolls,5205343,"['dance pop', 'girl group', 'pop', 'post-teen pop', 'urban contemporary']",68
2WzaAvm2bBCf4pEhyuDgCY,Ruth B.,2200185,"['alt z', 'canadian contemporary r&b', 'canadian pop', 'pop']",75
7xEFii6utZmQ61kX59HmLH,FRENSHIP,178120,"['electropop', 'indie poptimism', 'la pop', 'pop dance', 'tropical house', 'uk pop']",55
7DW4ijH3n36QN0RlC0n649,Angeline Quinto,550819,['opm'],53
5lXfVoQxVgC5fpjkVqvNYn,Isaiah Firebrace,52775,"['australian pop', 'australian talent show']",49
4PVn1b2WnnXdq80C7uaZLZ,Nause,195297,"['edm', 'pop dance', 'progressive electro house', 'swedish pop']",46
0jnsk9HBra6NMjO2oANoPY,Flo Rida,8643523,"['dance pop', 'miami hip hop', 'pop', 'pop rap']",77
0hEurMDQu99nJRq8pTxO14,John Mayer,5624084,"['neo mellow', 'singer-songwriter']",77
7H55rcKCfwqkyDFH9wpKM6,Christina Perri,3359819,"['dance pop', 'neo mellow', 'pop', 'pop rock', 'post-teen pop', 'viral pop']",70
1Fr6agZ6iSM5Ynn2k4C8sc,VÉRITÉ,291899,"['alt z', 'brooklyn indie', 'dark pop', 'electropop', 'indie electropop', 'indie pop', 'indie poptimism', 'metropopolis', 'nyc pop', 'pop', 'vapor pop', 'vapor soul']",51
5BAyYwbv8OSfqeXMjPgWX6,Toni Gonzaga,701687,"['classic opm', 'opm', 'papuri']",50
0DdDnziut7wOo6cAYWVZC5,KREAM,212060,"['dance pop', 'edm', 'electro house', 'house', 'pop dance', 'pop edm', 'tropical house']",61
6Ww3OMFzCaO33ulKh1LBFN,Hale,801010,"['opm', 'pinoy reggae', 'pinoy rock', 'pop rock']",59
2nZ18B9RTjJH56v2NTnNAI,Leanne & Naara,58952,"['opm', 'pinoy indie']",47
6nxWCVXbOlEVRexSbLsTer,Flume,2304742,"['australian dance', 'australian electropop', 'australian indie', 'downtempo', 'edm']",71
4TH4BHy0LdBi3dpBW4P2UX,R. City,128477,"['reggae fusion', 'virgin islands reggae']",62
5mnS9jJdKQQcRSqFu5YPVe,Auli'i Cravalho,94002,"['disney', 'hollywood', 'movie tunes', 'show tunes']",63
2LJxr7Pt3JnP60eLxwbDOu,Mandy Moore,660913,"['dance pop', 'hollywood', 'post-teen pop']",63
0lzV2CiahHRiGd6qpADtPS,James Hersey,51671,[],48
4bYPcJP5jwMhSivRcqie2n,Adam Levine,962236,"['deep talent show', 'neo mellow']",72
62WbvkXqQGvXQvw74GU3kQ,Morissette,1067314,['opm'],53
0gadJ2b9A4SKsB1RFkBb66,Passenger,3027683,"['folk-pop', 'neo mellow']",70
6jJ0s89eD6GaHleKKya26X,Katy Perry,22359229,"['dance pop', 'pop']",83
5mNum7eUoqWS6NBo91NYHP,Abra,23157,[],11
0AuZVHIr5WSEBbBLZwWwWc,Charice,160522,"['dance pop', 'opm', 'post-teen pop', 'viral pop']",48
2MqhkhX4npxDZ62ObR5ELO,Hoobastank,2160094,"['alternative metal', 'funk metal', 'nu metal', 'pop rock', 'post-grunge', 'rap rock']",65
6jV25rzTKQ2zMgrqHha1V5,CHANYEOL,1693823,['k-pop'],59
7KMqksf0UMdyA0UCf4R3ux,James Blunt,2672687,"['neo mellow', 'pop', 'pop rock']",70
0zOcE3mg9nS6l3yxt1Y0bK,The Fray,3702918,"['neo mellow', 'piano rock', 'pop', 'pop rock']",68
4kYGAK2zu9EAomwj3hXkXy,JP Cooper,791264,"['dance pop', 'neo mellow', 'pop', 'tropical house', 'uk pop']",69
6vWDO969PvNqNYHIOW5v0m,Beyoncé,32066814,"['dance pop', 'pop', 'r&b']",88
7xTcuBOIAAIGDOSvwYFPzk,Daniel Powter,236361,"['canadian pop', 'neo mellow', 'pop rock']",59
11hIqBsGRPztdjBHCSLClX,Daniel Bedingfield,170061,"['dance pop', 'europop']",53
4KOFxteqSAveWCElBVijTy,Joshua Garcia,34005,[],23
1mcqfNCReSFxun2vIWvC28,KZ Tandingan,820927,['opm'],53
719ZCUqy59oGckcB1MzVTx,The Company,21241,[],37
4HOEnLufwAqJ2qoJPVnL01,Callalily,1348069,"['opm', 'pinoy rock']",51
7HJDRQAfEcFiARVehhM6qD,Gloc 9,1099183,"['opm', 'pinoy hip hop', 'pinoy trap', 'tagalog rap']",58
6xfqnpe2HnLVUaYXs2F8YS,Anna Kendrick,320309,"['hollywood', 'movie tunes']",63
5JZ7CnR6gTvEMKX4g70Amv,Lauv,5202717,"['dance pop', 'electropop', 'pop']",78
1HY2Jd0NmPuamShAr6KMms,Lady Gaga,23101926,"['art pop', 'dance pop', 'pop']",84
4EzkuveR9pLvDVFNx6foYD,James Bay,3711866,"['neo mellow', 'pop', 'uk pop']",72
188VINPQh5dyNfLUkevKqf,Olivia Holt,1042790,"['alt z', 'dance pop', 'pop', 'post-teen pop', 'social media pop']",51
7hOGhpa8RMSuDOWntGIAJt,A R I Z O N A,390991,"['electropop', 'indie poptimism', 'pop', 'pop dance', 'tropical house']",60
3zrUX1hQrUB9aXcOiyQLmN,Stanaj,59955,[],43
6kXm2YCtdUOpRYNKeKhfue,Ryan Gosling,41112,['hollywood'],54
3rIZMv9rysU7JkLzEaC5Jp,Snow Patrol,2671108,"['irish rock', 'neo mellow', 'permanent wave', 'pop rock']",67
0ZED1XzwlLHW4ZaG4lOT6m,Julia Michaels,4539260,"['alt z', 'dance pop', 'electropop', 'pop', 'post-teen pop']",74
0XOSmu9Qn1agQULUVe0dAK,Inigo Pascual,469147,['opm'],46
49tQo2QULno7gxHutgccqF,LANY,4968575,"['la pop', 'pop']",74
6aLdhHUqgdKE86xbtNmY8g,Crush,1016780,"['k-pop', 'korean r&b']",64
64KEffDW9EtZ1y2vBYgq8T,Marshmello,34216057,"['brostep', 'dance pop', 'edm', 'pop', 'pop dance', 'progressive electro house']",83
1XLjkBxFokuDTlHt0mQkRe,Thomas Gold,163005,"['big room', 'edm', 'electro house', 'funky tech house', 'german techno', 'pop dance', 'pop edm', 'progressive electro house', 'progressive house', 'sky room']",51
6O74knDqdv3XaWtkII7Xjp,Boyz II Men,2560721,"['boy band', 'contemporary r&b', 'new jack swing', 'r&b', 'urban contemporary']",65
4lDBihdpMlOalxy1jkUbPl,Grey,69173,['pop edm'],65
1tXFYQZSAswt4JLB42lpye,Sponge Cola,1085499,"['opm', 'pinoy reggae', 'pinoy rock', 'pop rock']",54
4V8Sr092TqfHkfAA5fXXqG,Luis Fonsi,10567517,"['latin pop', 'puerto rican pop']",75
4U78sK2D3zASSB6oSR38GQ,Christian Bautista,443718,"['dance pop', 'opm']",52
3DiDSECUqqY1AuBP8qtaIa,Alicia Keys,9938043,"['hip pop', 'neo soul', 'pop', 'r&b', 'urban contemporary']",77
58MLl9nC29IXbE4nEtuoP2,Alex & Sierra,1108096,"['neo mellow', 'pop', 'post-teen pop', 'uk pop', 'viral pop']",61
53XhwfbYqKCa1cC15pYq2q,Imagine Dragons,41690293,"['modern rock', 'rock']",88
5338fdSzGNOFD4cxAxDTeq,Aaron Carter,277804,"['dance pop', 'europop', 'post-teen pop']",44
0c173mlxpT3dSFRgMO8XPh,Big Sean,9999816,"['detroit hip hop', 'hip hop', 'pop', 'pop rap', 'r&b', 'rap', 'southern hip hop', 'trap']",78
4NagmapOfJiPOxJ9vQsrsf,Mikkel S. Eriksen,240,[],19
4Rxn7Im3LGfyRkY2FlHhWi,Nick Jonas,8306008,"['dance pop', 'pop', 'post-teen pop', 'uk pop']",64
7LVPSD4kabI5LiXIVPI8tn,Jona,118243,['opm'],44
74KM79TiuVKeVCqs8QtB0B,Sabrina Carpenter,4421002,"['alt z', 'dance pop', 'electropop', 'pop', 'post-teen pop']",74
1DZGAZcaTA32eLJELEsjXY,Kiana V,45120,['pinoy indie'],43
4qBgvVog0wzW75IQ48mU7v,KYLE,1020337,"['pop', 'pop rap', 'rap', 'viral rap']",65
2yEkZBBjhzKzt6LF5XMaFi,Blue,502604,"['boy band', 'dance pop', 'europop']",60
1GxkXlMwML1oSg5eLPiAz3,Michael Bublé,5432817,"['adult standards', 'canadian pop', 'jazz pop', 'lounge']",73
3Nrfpe0tUJi4K4DXYWgMUX,BTS,54419625,"['k-pop', 'k-pop boy group']",91
0dtmYDbYpwcdHPBI1OJatT,Hugh Grant,6809,['hollywood'],46
5rSXSAkZ67PYJSvpUpkOr7,Backstreet Boys,4714300,"['boy band', 'dance pop']",74
2XMxHczWkSzDDFhiC3zt8k,Marié Digby,70630,"['lilith', 'neo mellow']",43
0L6Gwm0JDrgIQJfjarWSUR,Edwin McCain,283543,"['neo mellow', 'pop rock']",53
0AvtzKTYleNqdJXoZasQWG,Stephen Speaks,147934,"['acoustic pop', 'neo mellow', 'opm', 'pop rock', 'viral pop']",58
6Ff53KvcvAj5U7Z1vojB5o,*NSYNC,1854199,"['boy band', 'dance pop']",66
0lJlKQvuM2Sd9DPPyUXcHg,Sixpence None The Richer,400050,"['neo mellow', 'pop rock']",62
0X2BH1fck6amBIoJhDVmmJ,Ellie Goulding,11117154,"['dance pop', 'edm', 'electropop', 'indietronica', 'metropopolis', 'pop', 'uk pop']",78
3QLIkT4rD2FMusaqmkepbq,Rachel Platten,848243,"['dance pop', 'neo mellow', 'pop', 'pop rock', 'post-teen pop']",62
3z0IVhtuFvt9VYUZGT98PU,Jay R,148224,['opm'],43
5Pwc4xIPtQLFEnJriah9YJ,OneRepublic,14141087,"['piano rock', 'pop', 'pop rock']",84
3FUY2gzHeIiaesXtOAdB7A,Train,4112310,"['dance pop', 'neo mellow', 'pop', 'pop rock']",72
0xNog7ZdcTq9sJFiIXJJTH,Kaye Cal,505807,['opm'],44
246dkjvS1zLTtiykXe5h60,Post Malone,38059700,"['dfw rap', 'melodic rap', 'rap']",89
23fqKkggKUBHNkbKtXEls4,Kygo,8132748,"['edm', 'pop', 'pop dance', 'tropical house']",80
6XyY86QOPPrYVGvF9ch6wz,Linkin Park,21675451,"['alternative metal', 'nu metal', 'post-grunge', 'rap metal']",82
09DdQEMQaaq0f99vqqub3V,krissy & ericka,25449,['acoustic opm'],46
00FQb4jTyendYWaN8pK0wa,Lana Del Rey,17675324,"['art pop', 'pop']",87
2qxJFvFYMEDqd7ui6kSAcq,Zedd,5802236,"['complextro', 'dance pop', 'edm', 'electro house', 'electropop', 'german techno', 'pop', 'pop dance', 'pop rap', 'tropical house']",75
07YZf4WDAMNwqr4jfgOZ8y,Jason Derulo,11518714,"['dance pop', 'pop', 'pop rap', 'post-teen pop']",80
2kucQ9jQwuD8jWdtR9Ef38,Sam Hunt,2242754,"['contemporary country', 'country', 'country pop', 'country road']",70
1bqxdqvUtPWZri43cKHac8,MAX,763704,"['dance pop', 'electropop', 'pop', 'post-teen pop', 'viral pop']",69
163tK9Wjr9P9DmM0AVK7lm,Lorde,9863014,"['art pop', 'metropopolis', 'nz pop', 'pop', 'yakut pop']",76
1RyvyyTE3xzB2ZywiAwp0i,Future,12100381,"['atl hip hop', 'rap', 'southern hip hop', 'trap']",88
6LuN9FCkKOj5PcnpouEgny,Khalid,15497390,"['pop', 'pop r&b']",85
1xHQO9GJIW9OXHxGBISYc5,Marian Hill,456486,['electropop'],55
4Q6nIcaBED8qUel8bBx6Cr,Jax Jones,1052506,"['dance pop', 'edm', 'house', 'pop', 'pop dance', 'pop rap', 'tropical house', 'uk dance', 'uk pop']",75
5yVM85m9yNcHO6o0vaaVxW,Daniel Padilla,474083,['opm'],53
4S9EykWXhStSc15wEx8QFK,Céline Dion,6523887,"['canadian pop', 'dance pop']",73
4N3cNXg5phUzRzuJYYxQlV,Emma Watson,77528,"['disney', 'hollywood', 'movie tunes', 'show tunes']",51
4tB1f1h4TQqDz4bNaibMpl,Emma Thompson,3343,['show tunes'],49
5lLVsxABqSuosfqAoLQeXV,Dan Stevens,5948,"['disney', 'hollywood', 'movie tunes', 'show tunes']",48
105Paee9vmV5rfLSG652e1,Ewan McGregor,31832,['hollywood'],53
1Cs0zKBU1kc0i8ypK3B9ai,David Guetta,24681358,"['big room', 'dance pop', 'edm', 'pop', 'pop dance']",88
6M2wZ9GZgrQXHCFfjv46we,Dua Lipa,36119512,"['dance pop', 'pop', 'uk pop']",88
2MoxYOhy9ooC8KRcdgIFif,Leroy Styles,3738,['dutch edm'],27
7DMveApC7UnC2NPfPvlHSU,Cheat Codes,2086842,"['dance pop', 'edm', 'electro house', 'electropop', 'pop', 'pop dance', 'tropical house', 'uk pop']",71
2YZyLoL8N0Wb9xBt1NhZWg,Kendrick Lamar,21371327,"['conscious hip hop', 'hip hop', 'rap', 'west coast rap']",88
0uGk2czvcpWQA383Im6ajf,Maggie Lindemann,1813240,"['alt z', 'dark pop', 'pop', 'post-teen pop']",65
6KImCVD70vtIoJWnq6nGn3,Harry Styles,23241166,['pop'],91
26VFTg2z8YR0cCuwLzESi2,Halsey,18318956,"['dance pop', 'electropop', 'etherpop', 'indie poptimism', 'pop']",83
2cFrymmkijnjDg9SS92EPM,blackbear,4771418,"['electropop', 'pop', 'pop rap']",80
4u5smJBskI6Adzv08PuiUP,Kiiara,864765,"['alt z', 'dance pop', 'electropop', 'indie poptimism', 'pop', 'post-teen pop']",61
74XFHRwlV6OrjEM0A2NCMF,Paramore,7087537,"['candy pop', 'pixie', 'pop emo', 'pop punk']",76
7ygtjsCTrCQZAYYPOne9uE,Erik Santos,636225,['opm'],51
6ltzsmQQbmdoHHbLZ4ZN25,Lord Huron,1113190,"['indie folk', 'stomp and holler']",72
4TrraAsitQKl821DQY42cZ,Sigrid,646553,['norwegian pop'],62
0QHgL1lAIqAw0HtD7YldmP,DJ Khaled,8306565,"['hip hop', 'miami hip hop', 'pop', 'pop rap', 'rap', 'southern hip hop', 'trap']",82
6vXTefBL93Dj5IqAWq6OTv,French Montana,4645295,"['gangster rap', 'hip hop', 'pop rap', 'rap', 'southern hip hop', 'trap']",76
7blkMNJv8n9ceP9zlA4W2U,Shawn Hook,61261,['canadian pop'],46
4xRYI6VqpkE3UwrDrAZL8L,Logic,5781845,"['conscious hip hop', 'dmv rap', 'hip hop', 'pop rap', 'rap']",77
4O15NlyKLIASxsJ0PrXPfz,Lil Uzi Vert,13742452,"['melodic rap', 'philly rap', 'rap', 'trap']",85
5YGY8feqx7naU7z4HrwZM6,Miley Cyrus,18935765,"['dance pop', 'pop']",81
5pUo3fmmHT8bhCyHE52hA6,Liam Payne,9762442,"['dance pop', 'pop', 'post-teen pop', 'uk pop']",65
4nDoRrQiYLoBzwC5BhVJzF,Camila Cabello,27933881,"['dance pop', 'pop', 'post-teen pop', 'uk pop']",82
4iSU0hKfGnU2nscL5dLi9p,Claudia,22915,['pinoy r&b'],30
73sIBHcqh3Z3NyqHKZ7FOL,Childish Gambino,9776294,"['atl hip hop', 'hip hop', 'pop', 'rap']",78
5CCwRZC6euC8Odo6y9X8jr,Rita Ora,7588864,"['dance pop', 'edm', 'electropop', 'pop', 'pop rap', 'post-teen pop', 'tropical house', 'uk pop']",73
4VkqlQl3hGhxjchI34xp2V,Thyro,11287,['opm'],46
1yxSLGMDHlW21z4YXirZDS,Black Eyed Peas,6876789,"['dance pop', 'pop', 'pop rap']",80
06HL4z0CvFAxyc27GXpf02,Taylor Swift,58439692,['pop'],94
2XnBwblw31dfGnspMIwgWz,Axwell /\ Ingrosso,2392952,"['dance pop', 'edm', 'electro house', 'pop', 'pop dance', 'tropical house']",65
20gsENnposVs2I4rQ5kvrf,Sam Feldt,708594,"['dance pop', 'edm', 'electro house', 'pop', 'pop dance', 'pop edm', 'tropical house']",73
1IueXOQyABrMOprrzwQJWN,Sigala,1458172,"['dance pop', 'edm', 'house', 'pop', 'pop dance', 'tropical house', 'uk pop']",73
7lIVjtsgz0y1oRQFBAVNzq,Mayonnaise,916853,"['opm', 'pinoy rock']",55
41MozSoPIsD1dJM0CLPjZF,BLACKPINK,32268050,"['k-pop', 'k-pop girl group']",84
00TKPo9MxwZ0j4ooveIxWZ,Loote,192327,"['alt z', 'australian pop', 'dance pop', 'electropop', 'nyc pop', 'pop', 'pop dance', 'pop edm', 'post-teen pop', 'tropical house', 'uk pop']",61
3JhNCzhSMTxs9WLGJJxWOY,Macklemore,1923668,"['pop rap', 'seattle hip hop']",76
4DTbdShHu2RPYEEMUp2XWV,Anjulie,29781,['canadian pop'],56
6eouuqqGggqDlYRV63cgPo,Secondhand Serenade,929153,"['neo mellow', 'piano rock', 'pixie', 'pop punk', 'pop rock']",56
5lKZWd6HiSCLfnDGrq9RAm,Leona Lewis,3379324,"['british soul', 'dance pop', 'europop', 'neo mellow', 'pop', 'post-teen pop', 'talent show', 'uk pop']",65
3BmGtnKgCSGYIUhmivXKWX,Kelly Clarkson,9115277,"['dance pop', 'neo mellow', 'pop', 'post-teen pop', 'talent show', 'uk pop']",73
1bj5GrcLom5gZFF5t949Xl,Martin Solveig,1204113,"['dance pop', 'disco house', 'edm', 'electro house', 'filter house', 'house', 'pop dance', 'tropical house', 'vocal house']",65
6V03b3Y36lolYP2orXn8mV,98º,398558,"['boy band', 'dance pop', 'pop rock']",54
5DK8eK7fjvRsziXzyr3sFA,Moon Taxi,175499,"['indie poptimism', 'modern alternative rock', 'modern rock', 'pop rock', 'stomp and holler']",51
1vyhD5VmyZ7KMfW5gqLgo5,J Balvin,35202120,"['reggaeton', 'reggaeton colombiano', 'trap latino']",88
6LqNN22kT3074XbTVUrhzX,Kesha,7420789,"['dance pop', 'pop', 'post-teen pop']",76
1LOB7jTeEV14pHai6EXSzF,Cash Cash,661733,"['dance pop', 'edm', 'electro house', 'electropop', 'electropowerpop', 'pop', 'pop dance', 'pop edm', 'tropical house']",63
6S2OmqARrzebs0tKUEyXyp,Demi Lovato,23175984,"['dance pop', 'pop', 'post-teen pop']",81
3cjEqqelV9zb4BYE3qDQ4O,EXO,9138161,"['k-pop', 'k-pop boy group']",69
0Y5tJX1MQlPlqiwlOH1tJY,Travis Scott,20976696,"['rap', 'slap house']",87
0LyfQWJT6nXafLPZqxe9Of,Various Artists,1536643,[],0
57WHJIHrjOE3iAxpihhMnp,Louis Tomlinson,6374592,"['pop', 'post-teen pop']",69
3nFkdlSjzX9mRTtwJOzDYB,JAY-Z,7592600,"['east coast hip hop', 'hip hop', 'rap']",83
6hIZBf6t4Yy8Lrqj7vPYTr,Jake Zyrus,14516,['opm'],26
25uiPmTg16RbhZWAqwLBy5,Charli XCX,2656125,"['art pop', 'candy pop', 'dance pop', 'electropop', 'metropopolis', 'pop', 'uk pop']",77
73jBynjsVtofjRpdpRAJGk,Dimitri Vegas & Like Mike,3261407,"['belgian dance', 'belgian edm', 'big room', 'dance pop', 'edm', 'electro house', 'pop dance', 'progressive electro house', 'tropical house']",70
1URnnhqYAYcrqrcwql10ft,21 Savage,11631305,"['atl hip hop', 'rap', 'trap']",86
5he5w2lnU9x7JFhnwcekXX,Skrillex,7979097,"['brostep', 'complextro', 'edm', 'electro']",75
1vCWHaC5f2uS3yhpwWbIA6,Avicii,22047767,"['dance pop', 'edm', 'pop', 'pop dance', 'pop rap']",80
2XHTklRsNMOOQT56Zm3WS4,Parokya Ni Edgar,2893283,"['opm', 'pinoy reggae', 'pinoy rock']",62
1KCSPY1glIKqW2TotWuXOR,P!nk,13634706,"['dance pop', 'pop']",79
2AQjGvtT0pFYfxR3neFcvz,Jordin Sparks,2193111,"['dance pop', 'neo mellow', 'pop', 'post-teen pop', 'r&b', 'urban contemporary']",62
7FgMLbnZVrEnir95O0YujA,Five For Fighting,759232,"['acoustic pop', 'neo mellow', 'piano rock', 'pop rock']",59
1YlibpAvhJBbMZMBwN1KGv,The Juans,844696,['opm'],55
3XEHRbR9NMWfNzQ6TQMS9M,Caleb Santos,37192,"['acoustic opm', 'opm']",49
7LvDTuFCBv08xm6u1pOMK0,TJ Monterde,1026052,"['cdo indie', 'opm', 'pinoy singer-songwriter']",57
7tYKF4w9nC0nq9CsPZTHyP,SZA,8362792,"['pop', 'r&b', 'rap']",83
09Xydf4dlkr29dH99DmsvQ,Janine Teñoso,343580,"['opm', 'pinoy singer-songwriter']",54
1ZTdxfZTeztyAgKUJVLxAI,Rivermaya,1505325,"['opm', 'pinoy rock', 'pop rock']",57
1PbBg2aYjWLKRk84zJK15x,Echosmith,586195,['indie poptimism'],61
4kYSro6naA4h99UJvo89HB,Cardi B,20347515,"['dance pop', 'pop', 'rap']",80
7bXgB6jMjp9ATFy66eO08Z,Chris Brown,16848828,"['dance pop', 'pop', 'r&b']",87
20wkVLutqVOYrc0kxFs7rA,Daniel Caesar,3453328,"['canadian contemporary r&b', 'pop', 'r&b']",77
0eecdvMrqBftK0M1VKhaF4,CNCO,9151985,"['boy band', 'latin pop', 'reggaeton']",70
3AVfmawzu83sp94QW7CEGm,Astrid S,1256695,"['alt z', 'dance pop', 'norwegian pop', 'pop', 'tropical house', 'uk pop']",67
4YXycRbyyAE0wozTk7QMEq,Matoma,706161,"['dance pop', 'edm', 'electro house', 'electropop', 'pop', 'pop dance', 'pop edm', 'tropical house']",66
15UsOTVnJzReFVN1VCnxy4,XXXTENTACION,37894864,"['emo rap', 'miami hip hop']",87
4kI8Ie27vjvonwaB2ePh8T,Portugal. The Man,1325737,"['modern rock', 'rock']",64
7cTXfwpe9peK0UE1bZyIWZ,Pinkfong,172409,"['cartoon', ""children's music"", 'dong-yo']",65
6cEuCEZu7PAE9ZSzLLc2oQ,R3HAB,2388315,"['dance pop', 'dutch house', 'edm', 'electro house', 'pop', 'pop dance', 'progressive electro house', 'slap house', 'tropical house']",76
2JyWXPbkqI5ZJa3gwqVa0c,Craig David,800162,"['british soul', 'dance pop', 'r&b', 'urban contemporary']",65
6DIS6PRrLS3wbnZsf7vYic,WALK THE MOON,1950637,"['dance rock', 'modern alternative rock', 'modern rock', 'pop rock', 'rock']",68
4UXqAaa6dQYAk18Lv7PEgX,Fall Out Boy,9532160,"['emo', 'modern rock']",77
2o5jDhtHVPhrJdv3cEQ99Z,Tiësto,6494148,"['big room', 'brostep', 'dance pop', 'dutch edm', 'edm', 'house', 'pop', 'pop dance', 'slap house', 'trance', 'tropical house']",82
6fOMl44jA4Sp5b9PpYCkzz,NF,7424015,"['hip hop', 'pop rap', 'rap']",79
3wyVrVrFCkukjdVIdirGVY,Lil Pump,7916189,"['emo rap', 'miami hip hop', 'rap', 'trap', 'viral rap']",66
2ZRQcIgzPCVaT9XKhXZIzh,Gryffin,846249,"['dance pop', 'edm', 'pop', 'pop dance', 'tropical house']",72
3hyEbRtp617pNCuuQjyOmc,Lost Kings,368555,"['edm', 'pop', 'pop dance', 'pop edm', 'pop rap', 'tropical house']",59
2iB7AJhJmkWkkehY9ccB0j,Ex Battalion,2558974,"['opm', 'pinoy hip hop', 'pinoy r&b', 'tagalog rap']",54
7dGJo4pcD2V6oG8kP0tJRR,Eminem,59101810,"['detroit hip hop', 'hip hop', 'rap']",90
7eCmccnRwPmRnWPw61x6jM,SHY Martin,261169,"['alt z', 'australian pop', 'electropop', 'pop', 'post-teen pop', 'swedish electropop']",63
5dHt1vcEm9qb8fCyLcB3HL,A$AP Ferg,3343072,"['gangster rap', 'hip hop', 'pop rap', 'rap', 'southern hip hop', 'trap', 'underground hip hop']",71
1z4g3DjTBBZKhvAroFlhOM,Red Velvet,7451734,"['k-pop', 'k-pop girl group']",72
5ebPSE9YI5aLeZ1Z2gkqjn,Clara Benin,119464,"['opm', 'pinoy indie', 'pinoy singer-songwriter']",47
4iHNK0tOyZPYnBU7nGAgpQ,Mariah Carey,8142047,"['dance pop', 'pop', 'r&b', 'urban contemporary']",76
5fMUXHkw8R8eOP2RNVYEZX,Diplo,2498156,"['edm', 'electro house', 'moombahton', 'ninja', 'pop', 'pop dance', 'tropical house']",79
47z7ZrgFoBvVpCnElCE3Zh,Yellow Claw,1009021,"['edm', 'electro house', 'electronic trap', 'pop dance']",63
7FNnA9vBm6EKceENgCGRMb,Anitta,12149469,"['funk carioca', 'funk pop', 'pagode baiano', 'pop nacional']",81
3EXdLajEO02ziZ90P90bSW,Lil Xan,2242150,['emo rap'],59
4DdkRBBYG6Yk9Ka8tdJ9BW,Offset,2420097,"['atl hip hop', 'hip hop', 'pop rap', 'rap', 'southern hip hop', 'trap']",78
4GBFKKuwmZUnAJt6nBal7A,Kamikazee,1157804,"['opm', 'pinoy pop punk', 'pinoy rock']",57
1EHAbA1GMYOfkh9ds9eNfS,Jose Mari Chan,331149,"['classic opm', 'opm', 'soft rock']",57
2G7VQ1kVhVfNagytlousgm,Al James,836379,"['opm', 'pinoy alternative rap', 'pinoy hip hop', 'pinoy r&b', 'pinoy trap', 'tagalog rap']",62
4sj6D0zlMOl25nprDJBiU9,Andy Williams,443483,"['adult standards', 'brill building pop', 'easy listening', 'lounge', 'mellow gold']",57
5lpH0xAS4fVfLkACg9DAuM,Wham!,2018306,"['dance pop', 'disco', 'europop', 'mellow gold', 'new romantic', 'new wave', 'new wave pop', 'soft rock', 'synthpop']",66
1GlMjIezcLwV3OFlX0uXOv,Lea Salonga,160340,"['hollywood', 'movie tunes', 'show tunes', 'tagalog worship']",59
4DAcJXcjX0zlQAZAPAx4Zb,Ben&Ben,5888105,['opm'],71
0LyfQWJT6nXafLPZqxe9Of,Various Artists,1536643,[],0
1zNqDE7qDGCsyzJwohVaoX,Anne-Marie,9942222,"['dance pop', 'pop', 'pop dance', 'post-teen pop', 'tropical house', 'uk pop']",76
26dSoYclwsYLMAKD3tpOr4,Britney Spears,11280062,"['dance pop', 'pop']",81
0GnuCXvnvVtX5DShryuyp9,Aiza Seguerra,518187,['opm'],48
0RHiqaoRCsFLPeEuj3OQz4,Gary Valenciano,873843,"['classic opm', 'opm', 'papuri', 'pinoy praise']",52
2H4bbbOohoe9zhqEsiRi7j,ABS-CBN Music All Star,8561,[],49
4cPHsZM98sKzmV26wlwD2W,Brenda Lee,275183,"['adult standards', 'brill building pop', 'easy listening', 'lounge', 'rockabilly']",55
2iE18Oxc8YSumAU232n4rW,The Jackson 5,1288262,"['motown', 'soul']",65
38EmEgXkgK51MT2tPY0EoC,Bobby Helms,24988,[],47
6sFIWsNpZYqfjUpaCgueju,Carly Rae Jepsen,5135970,"['canadian pop', 'dance pop', 'electropop', 'pop', 'post-teen pop', 'uk pop']",71
6ZjFtWeHP9XN7FeKSUe80S,Bing Crosby,410664,"['adult standards', 'easy listening', 'lounge']",55
11W91yRxIo7Mw75LClgrGx,Lyca Gairanod,26250,['deep talent show'],35
2aiQfmxcWSx7RrqSVbhiFX,Maria Aragon,902,[],26
7vjoSmk5jVvRXNiKIDMox1,Alisah Bonaobra,3873,[],25
0YaTdozvKSQ2UkOTTONmSJ,Rachelle Ann Go,442023,['opm'],49
6jtan6NPL80JFme8IkFiy7,Janice Javier,2426,[],28
7v4imS0moSyGdXyLgVTIV7,Nat King Cole,1892156,"['adult standards', 'lounge', 'vocal jazz']",65
1AwO9pWEBSBoWdEZu28XDC,Eartha Kitt,148745,"['adult standards', 'lounge', 'torch song', 'vocal jazz']",48
5V0MlUE1Bft0mbLlND7FJz,Ella Fitzgerald,2167407,"['adult standards', 'jazz blues', 'lounge', 'swing', 'vocal jazz']",66
4yiQZ8tQPux8cPriYMWUFP,Gwen Stefani,5501101,"['dance pop', 'pop']",72
5EUahD2aecNM2phblhyVFi,Bamboo,7024,[],28
26AHtbjWKiwYzsoGoUZq53,Pentatonix,3368930,['a cappella'],64
0SG7a26LiFGt8E0olaIOpx,Acapellago,2699,[],11
7AKHnZVqwXYuUwWJ8UGL5q,Girls' Generation-TTS,566200,"['k-pop', 'k-pop girl group']",40
0SCbttzoZTnLFebDYmAWCm,Glee Cast,1485362,"['glee club', 'hollywood', 'post-teen pop']",71
65kpH75MFCBJhLy7qvVl6A,Aegis,205047,"['classic opm', 'opm']",46
3wNylAjJX1PiCpMKx8Lrfp,Regine Velasquez,1435604,"['classic opm', 'dance pop', 'opm']",57
35S20clEkkSNUo23ViaslZ,Band Aid,22523,['musical advocacy'],39
4w9rFB4pUAUO3OloDQ6wn7,Jamie Rivera,123451,"['classic opm', 'opm', 'papuri', 'pinoy praise']",45
1Mxqyy3pSjf8kZZL4QVxS0,Frank Sinatra,5770589,"['adult standards', 'easy listening', 'lounge']",74
2jnIB6XdLvnJUeNTy5A0J2,Why Don't We,3307358,"['australian pop', 'boy band', 'dance pop', 'pop', 'post-teen pop', 'uk pop']",71
0u4G1K1CSzcp5PZ6G6FIGu,Darren Espanto,443440,['opm'],45
3qZNpgS5OAdktfruSjjLeY,Benni Sparks,679,[],17
6Paz0vXJJ9bCPf0fEm3qzg,Dagny,152996,"['electropop', 'norwegian pop', 'tropical house']",59
0XNvr6bnNywV946ZKaJtr0,Joakim Lundell,129435,['swedish pop'],47
0lslA51eKXwTUY0TSX9Emy,Marion Aunor,33650,['opm'],40
5Xcbv83o11Ez2XPHa1n8Pf,AmPm,45033,['japanese dance pop'],44
62Jfwxon19ZOT9eSL6bvtY,Sweater Beats,42652,"['gauze pop', 'vapor twitch']",41
2TX325jFbZFpe2OGZNo4Lx,Markus,3963,['pinoy singer-songwriter'],29
3koiLjNrgRTNbOwViDipeA,Marvin Gaye,4686535,"['classic soul', 'funk', 'indie r&b', 'motown', 'northern soul', 'quiet storm', 'soul']",72
3fMbdgg4jU18AjLCKBhRSm,Michael Jackson,24040738,"['pop', 'r&b', 'soul']",81
5BcAKTbp20cv7tC5VqPFoC,Macklemore & Ryan Lewis,2582254,"['dance pop', 'pop', 'pop rap', 'seattle hip hop']",72
2JLqTvFXmC87BksiCsBezV,Matt Terry,125112,"['talent show', 'uk pop']",43
1EUmQM6xgUQLUkJVcvSdey,Orange & Lemons,758636,"['opm', 'pinoy indie', 'pinoy rock']",55
3xbpJdoJDLAfYn3ZeLlukg,Bosx1ne,147917,"['pinoy hip hop', 'pinoy r&b', 'tagalog rap']",50
2U5mF0PZqGu6glnz55yY0y,John Roa,1204096,['opm'],57
6U1dBXJhC8gXFjamvFTmHg,Zac Efron,751102,"['hollywood', 'pop', 'post-teen pop', 'show tunes']",68
0touaoSr4QOLYxBJ9lmGgK,Karencitta,137678,"['pinoy edm', 'pinoy r&b', 'pinoy trap', 'vispop']",39
7HV2RI2qNug4EcQqLbCAKS,Keala Settle,145320,"['broadway', 'hollywood', 'show tunes']",64
7t0rwkOPGlDPEhaOcVtOt9,The Cranberries,3019290,"['irish rock', 'pop rock', 'rock']",71
17Do37U0HEbxu1tOrKH8dL,Nadine Lustre,217829,"['opm', 'pinoy r&b']",47
6ogIjp0fsbUxlqy9q2rvrT,Shanti Dope,1263385,"['opm', 'pinoy hip hop', 'pinoy r&b', 'pinoy trap', 'tagalog rap']",58
4WN5naL3ofxrVBgFpguzKo,Rudimental,1334330,"['dance pop', 'edm', 'house', 'pop', 'pop dance', 'tropical house', 'uk dance', 'uk funky', 'uk pop']",68
3mPc8WGusz2XF3Tvs3AKCR,Carlie Hanson,403809,"['alt z', 'electropop', 'indie electropop', 'indie poptimism', 'pop', 'post-teen pop', 'social media pop']",51
4GvEc3ANtPPjt1ZJllr5Zl,Bazzi,5120760,"['dance pop', 'electropop', 'pop']",73
0LyOADBjj28cbvJWTXUEGA,Loren Allred,111679,"['deep talent show', 'hollywood', 'movie tunes']",58
2cQr2KbzdRtIFlfbHGnNsL,Ziv Zaifman,10350,['show tunes'],56
5F1aoppMtU3OMiltO8ymJ2,Hugh Jackman,568535,"['hollywood', 'show tunes']",66
4k9wp4ipHdA1bu1T4x1ZTG,IV Of Spades,2108491,"['opm', 'pinoy trap']",65
2LAqcqAQ8KPTsl1HBgBrqM,Michelle Williams,9624,['hollywood'],58
6Y20PijIkUoCtuvtkz37dO,Austyn Johnson,5473,['show tunes'],44
0vqJkZ0RpLZixt3lTmD8vP,Whethan,248297,"['edm', 'electropop', 'hyperpop', 'indie poptimism', 'vapor twitch']",62
6k0IBR0lU42s2GYpNX7kA9,Brian McKnight,1292109,"['contemporary r&b', 'dance pop', 'neo soul', 'quiet storm', 'r&b', 'urban contemporary']",59
3NRFinRTEqUCfaTTZmk8ek,Savage Garden,1051759,"['australian pop', 'boy band', 'dance pop', 'europop', 'pop rock']",63
4am1I89OWXUzFh4ctRLkdd,Elliott Yamin,111461,[],44
2NzWRNaaLByHyI3wpuec8P,Jim Brickman,103328,"['new age', 'new age piano']",55
4TEJudQY2pXxVHPE3gD2EU,BlocBoy JB,1380155,"['memphis hip hop', 'rap', 'southern hip hop', 'tennessee hip hop', 'trap', 'vapor trap', 'viral rap']",61
5IcR3N7QB1j6KBL8eImZ8m,ScHoolboy Q,4242811,"['gangster rap', 'hip hop', 'pop rap', 'rap', 'southern hip hop', 'trap', 'underground hip hop']",72
28ExwzUQsvgJooOI0X1mr3,Jay Rock,1289163,"['conscious hip hop', 'gangster rap', 'hip hop', 'pop rap', 'rap', 'southern hip hop', 'trap', 'underground hip hop']",70
4qFxP3qN9GsnZDOkAE6x2m,December Avenue,4863768,"['opm', 'pinoy pop punk']",63
5Rl15oVamLq7FbSb0NNBNy,5 Seconds of Summer,8809475,"['boy band', 'dance pop', 'pop', 'post-teen pop']",78
6ueGR6SWhUJfvEhqkvMsVs,Janelle Monáe,1246995,"['afrofuturism', 'alternative r&b', 'atl hip hop', 'dance pop', 'electropop', 'escape room', 'neo soul', 'r&b']",65
23zg3TcAtWQy7J6upgbUnj,Usher,9969869,"['atl hip hop', 'contemporary r&b', 'dance pop', 'pop', 'r&b', 'south carolina hip hop', 'urban contemporary']",78
0b1sIQumIAsNbqAoIClSpy,j-hope,11691365,"['k-pop', 'k-rap']",75
38CvLGTsjtoloDgv3OKQp8,Robinson,96663,"['alt z', 'australian pop', 'nz pop', 'uk pop']",49
3Hvxz2oZPYuo61ChHKcqQI,Autotelic,198973,"['opm', 'pinoy indie', 'pinoy rock']",40
5RR0MLwcjc87wjSw2JYdwx,MOMOLAND,3448450,"['k-pop', 'k-pop girl group']",56
6beUvFUlKliUYJdLOXNj9C,King Princess,1577104,"['alt z', 'art pop', 'dance pop', 'electropop', 'indie pop', 'indie poptimism', 'nyc pop', 'pop']",61
3Isy6kedDrgPYoTS1dazA9,Sean Paul,4024982,"['dance pop', 'dancehall', 'pop rap']",79
4mrrcDjpjUq27YEGwlisgs,Gracenote,37372,"['opm', 'pinoy indie', 'pinoy rock']",41
1tqhsYv8yBBdwANFNzHtcr,Lil Dicky,1904249,"['comedy rap', 'pop rap', 'rap']",62
3EOEK57CV77D4ovYVcmiyt,Dennis Lloyd,613538,['israeli pop'],66
33W1pnW9zScZtYTnAoWnOT,Mr. Probz,320123,"['dutch hip hop', 'tropical house']",64
5wPoxI5si3eJsYYwyXV4Wi,N.E.R.D,761211,"['hip hop', 'virginia hip hop']",58
1pPmIToKXyGdsCF6LmqLmI,Rich The Kid,2878516,"['atl hip hop', 'hip hop', 'melodic rap', 'plugg', 'pop rap', 'rap', 'southern hip hop', 'trap', 'vapor trap']",68
5jAMCwdNHWr7JThxtMuEyy,NOTD,243654,"['dance pop', 'edm', 'electro house', 'electropop', 'pop', 'pop dance', 'tropical house', 'uk pop']",67
3JXpwnHbLvXxY99EuXqFPX,Poo Bear,43613,['pop r&b'],59
7n2Ycct7Beij7Dj7meI4X0,TWICE,14761142,"['k-pop', 'k-pop girl group']",82
3CjlHNtplJyTf9npxaPl5w,CHVRCHES,1313568,"['electropop', 'metropopolis', 'neo-synthpop', 'shimmer pop']",64
2KU7pJgPoJC3uwJRZPYQ8G,BATE,1335,['malaysian indie'],28
25tMQOrIU4LlUo6Sv8v5SE,Gavin James,668129,"['irish pop', 'neo mellow', 'pop']",62
6l3HvQ5sa6mXTsMTB19rO5,J. Cole,17821251,"['conscious hip hop', 'hip hop', 'north carolina hip hop', 'rap']",85
5iNrZmtVMtYev5M9yoWpEq,Seeb,300218,"['dance pop', 'edm', 'electro house', 'norwegian pop', 'pop', 'pop dance', 'pop edm', 'tropical house', 'uk pop']",68
63gbXCha1jpkrJJ9K5gGpR,ELI,29721,['german pop'],44
3zDRCqOhJXJfS2YWOEwGMC,Christopher,233670,['danish pop'],57
0hCNtLu0JehylgoiP8L4Gh,Nicki Minaj,26017989,"['dance pop', 'hip pop', 'pop', 'queens hip hop', 'rap']",86
6qqNVTkY8uBg9cP3Jd7DAH,Billie Eilish,68269341,"['art pop', 'electropop', 'pop']",88
1frSJ3BwjRHE9jgMRQV5wC,Zookeepers,8195,['bass trap'],45
7aD2Ni3fUu66gklUFlvJi5,Kyle Juliano,192340,['opm'],49
2ZuweXv0TkfsidZOLZZoM2,HEDEGAARD,69148,"['danish electronic', 'scandipop']",57
4ScCswdRlyA23odg9thgIO,Jess Glynne,2817176,"['australian pop', 'dance pop', 'neo mellow', 'pop', 'pop dance', 'post-teen pop', 'tropical house', 'uk pop']",72
39rKElzF7q6K4O2flycSEc,Chlara,45596,"['channel pop', 'viral pop']",48
2gBjLmx6zQnFGQJCAQpRgw,Nelly,2228052,"['dance pop', 'gangster rap', 'hip hop', 'pop rap', 'southern hip hop', 'st louis rap', 'urban contemporary']",74
5vBSrE1xujD2FXYRarbAXc,Years & Years,1921451,"['dance pop', 'edm', 'electropop', 'gauze pop', 'pop', 'pop dance', 'tropical house', 'uk pop']",70
2DaxqgrOhkeH0fpeiQq2f4,Oasis,7698364,"['beatlesque', 'britpop', 'madchester', 'permanent wave', 'pop rock', 'rock']",75
2RdwBSPQiwcmiDo9kixcl8,Pharrell Williams,4017128,"['hip hop', 'pop']",81
3mIj9lX2MWuHmhNCA7LSCW,The 1975,5779090,"['modern alternative rock', 'modern rock', 'pop', 'rock']",76
4MCBfE4596Uoi2O4DtmEMz,Juice WRLD,25551153,"['chicago rap', 'melodic rap']",89
5K4W6rqBFWDnAN6FQUkS6x,Kanye West,18150792,"['chicago rap', 'rap']",91
5cYJYBMg1n71v7cvthr1SO,The Itchyworms,1040748,"['opm', 'pinoy rock']",56
5IH6FPUwQTxPSXurCrcIov,Alec Benjamin,3773319,"['alt z', 'dream smp', 'electropop', 'pop']",76
7uMh23xWiuR7zsNkuNcm2G,MNEK,273158,"['uk contemporary r&b', 'uk dance', 'uk pop']",72
1ySGjTzzgiL3khDY9awOGU,Andrea Babierra,1730,['opm'],21
1AhjOkOLkbHUfcHDSErXQs,88rising,840167,"['asian american hip hop', 'pop']",69
5LHRHt1k9lMyONurDHEdrp,Tyga,6637327,"['dance pop', 'hip hop', 'pop rap', 'rap', 'southern hip hop', 'trap']",80
4VMYDCV2IEDYJArk749S6m,Daddy Yankee,29422286,"['latin hip hop', 'reggaeton', 'trap latino']",87
20JZFwl6HVl6yg8a4H3ZqK,Panic! At The Disco,11414649,['modern rock'],79
4fpTMHe34LC5t3h5ztK8qu,The Carters,1424821,"['pop', 'r&b', 'rap', 'urban contemporary']",55
7HkdQ0gt53LP4zmHsL0nap,Ella Mai,4551522,"['dance pop', 'pop', 'r&b', 'rap', 'uk contemporary r&b', 'urban contemporary']",70
3gIRvgZssIb9aiirIg0nI3,Jeremy Zucker,2019946,"['electropop', 'pop']",73
7CQwac16i1W5ej8YpuL3dv,Boyce Avenue,3034072,"['acoustic cover', 'neo mellow', 'pop', 'viral pop']",70
40JlNF1w2OiSOyj1nC4y0I,Joseph Vincent,329445,['viral pop'],61
1uuV1avDy9Eup5gYHXVG05,Amber Leigh Irish,22350,"['acoustic cover', 'channel pop', 'neo mellow', 'viral pop']",51
7HXBbxW6YwU8lvgBew2p2A,Matt Johnson,36535,"['acoustic cover', 'channel pop', 'neo mellow', 'viral pop']",54
5JMLG56F1X5mFmWNmS0iAp,Chelsea Cutler,598069,"['alt z', 'electropop', 'indie poptimism', 'pop', 'tropical house']",69
6t1gpxYbY8OlLA7D2RiikQ,Loud Luxury,561135,"['dance pop', 'edm', 'electro house', 'pop', 'pop dance', 'tropical house']",69
30mZI7Hw2MhoarTVYxfyZM,Unique Salonga,284879,"['opm', 'pinoy indie']",55
5CiGnKThu5ctn9pBxv7DGa,benny blanco,995096,"['dance pop', 'electropop', 'pop', 'pop rap']",77
5qRSs6mvI17zrkJpOHkCoM,iKON,3353817,"['k-pop', 'k-pop boy group']",61
1klFdLh3pak3eOtJP0styY,Triple H,497267,['k-pop'],39
4RUeoFWpDZ3IxGR7LYPoYN,Angelina Cruz,43544,"['acoustic opm', 'opm']",27
7tKpXx21KVUOR6vvDs6xtg,I Belong to the Zoo,1960923,"['opm', 'pinoy indie']",57
7gZfnEnfiaHzxARJ2LeXrf,6ix9ine,6694192,"['emo rap', 'rap', 'trap']",72
3v6Ji4uoWtKRkhuDUaxi9n,Dynoro,243619,"['edm', 'electro house', 'pop dance', 'tropical house']",66
7h4j9YTJJuAHzLCc3KCvYu,Kina Grannis,492454,"['acoustic pop', 'neo mellow', 'viral pop']",62
3QSQFmccmX81fWCUSPTS7y,Dean Lewis,2165621,"['australian pop', 'pop']",75
5Y8eJDj37KhaEeqbVO7Ag1,PRETTYMUCH,1216944,"['boy band', 'dance pop', 'pop', 'post-teen pop']",61
6MXu7TWZnmykwkXiRJeUMh,Imago,767686,"['opm', 'pinoy rock', 'pop rock']",48
3pTaNQJ7TAU4yL7KEZp5sF,Nyoy Volante,77873,['opm'],41
0Vw76uk7P8yVtTClWyOhac,HONNE,1427475,"['pop', 'uk pop']",65
5xuNBZoM7z1Vv8IQ6uM0p6,JoJo,2183121,"['dance pop', 'pop', 'post-teen pop', 'r&b', 'uk pop', 'urban contemporary']",62
4LcUpNlXFEleaLlelmkv2R,Kris Kross Amsterdam,178280,"['dutch house', 'dutch pop']",63
6auWB5YAlcKaHyrbTH66nd,No Rome,184546,['indietronica'],54
65XA3lk0aG9XejO8y37jjD,the bird and the bee,162736,"['indie pop', 'la indie']",44
1foL9hLC9M6U94dINtOYfb,Girls' Generation-Oh!GG,190361,"['k-pop', 'k-pop girl group']",42
2X97ZAqRKRMYFIDqtvGgGc,Silk City,77023,['edm'],57
4AVFqumd2ogHFlRbKIjp1t,Alesso,3845089,"['dance pop', 'edm', 'electro house', 'pop', 'pop dance', 'tropical house']",76
2NdeV5rLm47xAvogXrYhJX,Ciara,5810720,"['dance pop', 'hip pop', 'pop', 'post-teen pop', 'r&b', 'urban contemporary']",68
30DIeQNV9s1HEXyuCpGF4l,Khel Pangilinan,624290,['opm'],49
3MZsBdqDrRTJihTHQrO6Dq,Joji,6816483,['viral pop'],85
13y7CgLHjMVRMDqxdx0Xdo,Gucci Mane,4451782,"['atl hip hop', 'dirty south rap', 'gangster rap', 'hip hop', 'pop rap', 'rap', 'southern hip hop', 'trap']",77
0n4a5imdLBN24fIrBWoqrv,Because,539835,"['opm', 'pinoy hip hop', 'pinoy r&b', 'pinoy trap', 'tagalog rap']",59
0p4nmQO2msCgU4IF37Wi3j,Avril Lavigne,9083934,"['canadian pop', 'candy pop', 'dance pop', 'pop', 'post-teen pop']",76
2kCcBybjl3SAtIcwdWpUe3,Lil Peep,8960162,"['emo rap', 'lgbtq+ hip hop']",82
0a4r2EnsevvHCukoJ1xFwJ,juan karlos,902087,"['opm', 'pinoy indie']",53
55Aa2cqylxrFIXC767Z865,Lil Wayne,12580250,"['hip hop', 'new orleans rap', 'pop rap', 'rap', 'trap']",85
5HIZU0JzM0AgfItVOm4E08,This Band,1641897,['opm'],50
5zctI4wO9XSKS8XwcnqEHk,Lil Mosey,4742309,"['melodic rap', 'rap', 'rap conscient', 'trap', 'vapor trap', 'viral rap']",71
2TwRMSibtKhC7ZGypSl1el,Drei Rana,38038,"['acoustic opm', 'opm']",29
6sEgMZsruguWlnwVdiz4IX,Midnight Meetings,17178,['pinoy indie'],27
3bsQY9pFWVzUMxlSgGQuBn,Patch Quiwa,381371,['opm'],44
4q3ewBCX7sLwd24euuV69X,Bad Bunny,55532308,"['reggaeton', 'trap latino']",100
46SHBwWsqBkxI7EeeBEQG7,Kodak Black,8463150,"['florida rap', 'hip hop', 'melodic rap', 'miami hip hop', 'rap', 'trap']",81
4npEfmQ6YuiwW1GpUmaq3F,Ava Max,5627920,"['dance pop', 'pop']",80
5Z1CCuBsyhEHngq3U5IraY,Westlife,3146269,"['boy band', 'dance pop', 'europop']",69
2auC28zjQyVTsiZKNgPRGs,RM,10819543,['k-rap'],70
2cWZOOzeOm4WmBJRnD5R7I,Normani,2098981,"['dance pop', 'pop', 'post-teen pop', 'r&b', 'rap', 'urban contemporary']",70
1dfeR4HaWDbWqFHLkxsg1d,Queen,42605378,"['classic rock', 'glam rock', 'rock']",84
5r1tUTxVSgvBHnoDuDODPH,IZ*ONE,1511956,"['k-pop', 'k-pop girl group']",62
5CY0QKsbUBpQJIE2yycsYi,Lil Eddie,25540,[],46
4gOc8TsQed9eqnqJct2c5v,K/DA,1610547,['k-pop girl group'],65
3HqSLMAZ3g3d5poNaI7GOU,IU,7330593,['k-pop'],70
250b0Wlc5Vk0CoUsaCY84M,JENNIE,2712238,['k-pop'],61
042sjIstxjQz7xhDkEayIE,Lavaado,10000,[],24
20sxb77xiYeusSH8cVdatc,Meek Mill,6475606,"['hip hop', 'philly rap', 'pop rap', 'rap', 'southern hip hop', 'trap']",75
2JI8ViuZDBybY6Xd9ujUrb,Reese Lansangan,153858,"['opm', 'pinoy indie']",45
3hv9jJF3adDNsBSIQDqcjp,Mark Ronson,974087,"['dance pop', 'pop', 'uk pop']",74
3KovZIDNYgQY8chiNZo2ZF,Just Hush,348237,"['opm', 'pinoy r&b', 'pinoy trap']",52
4STHEaNw4mPZ2tzheohgXB,Paul McCartney,4115756,"['album rock', 'beatlesque', 'classic rock', 'folk rock', 'mellow gold', 'rock', 'soft rock']",69
49e4v89VmlDcFCMyDv9wQ9,Dean Martin,1358975,"['adult standards', 'easy listening', 'lounge', 'vocal jazz']",66
0qSX3s5pJnAlSsgsCne8Cz,Brett Eldredge,1410918,"['contemporary country', 'country', 'country road', 'modern country rock']",63
4x1nvY2FN8jxqAFA0DA02H,John Lennon,5031304,"['album rock', 'art rock', 'beatlesque', 'classic rock', 'folk rock', 'mellow gold', 'rock']",68
7CyeXFnOrfC1N6z4naIpgo,The Ronettes,216040,"['brill building pop', 'classic girl group', 'rock-and-roll', 'soul']",56
5v8jlSmAQfrkTjAlpUfWtu,Perry Como,420585,"['adult standards', 'brill building pop', 'easy listening', 'lounge', 'vocal jazz']",56
0MHgLfmQdutffmvWe5XBTN,Burl Ives,72842,"['adult standards', 'american folk revival']",46
77tT1kLj6mCWtFNqiOmP9H,Daryl Hall & John Oates,1895359,"['album rock', 'classic rock', 'mellow gold', 'rock', 'soft rock', 'yacht rock']",70
1x9aBTOQP8VjLBgKVm81K6,Nef Medina,983,['opm'],32
7K78lVZ8XzkjfRSI7570FF,José Feliciano,304477,"['bolero', 'latin pop', 'puerto rican pop']",62
2lolQgalUvZDfp5vvVtTYV,Tony Bennett,750374,"['adult standards', 'easy listening', 'lounge', 'vocal jazz']",61
4ivXbUYuZslF08Ca5EuJGc,Kithara,10208,['opm'],24
5KEG7G8LDYlHgFDqZyEEs2,Chris Rea,786492,"['album rock', 'art rock', 'blues rock', 'classic rock', 'mellow gold', 'soft rock', 'sophisti-pop']",58
43ZHCT0cAZBISjO8DG9PnE,Elvis Presley,7179326,"['rock-and-roll', 'rockabilly']",81
3rXT3DX9OeNMfH8Thivxrk,Tres Hermanas,12652,['acoustic opm'],31
3eqjTLE0HfPfh78zjh6TqT,Bruce Springsteen,5034235,"['classic rock', 'heartland rock', 'mellow gold', 'permanent wave', 'rock', 'singer-songwriter']",74
4RVnAU35WRWra6OZ3CbbMA,Kylie Minogue,1541027,"['australian dance', 'australian pop', 'dance pop', 'electropop', 'eurodance', 'europop', 'new wave pop', 'pop', 'uk pop']",68
4QvYFzlTFZFg2904xx8gOu,Ariel Rivera,318922,"['classic opm', 'opm']",47
1l7ZsJRRS8wlW3WfJfPfNS,Christina Aguilera,7108112,"['dance pop', 'pop', 'post-teen pop']",77
7or90S16MNx8VogdeOqlKq,Cocoy Claravall,2412,['pinoy singer-songwriter'],16
7guDJrEfX3qb6FEbdPA5qi,Stevie Wonder,5779950,"['funk', 'indie r&b', 'motown', 'quiet storm', 'soul']",74
0hItVPjwJLVZrFqOyIsxPf,Judy Garland,213269,"['adult standards', 'hollywood', 'lounge', 'torch song', 'vocal jazz']",48
0wi4yTYlGtEnbGo4ltZTib,Shakin' Stevens,116886,"['classic uk pop', 'new wave pop', 'rock-and-roll', 'rockabilly', 'soft rock']",51
293zczrfYafIItmnmM3coR,Chuck Berry,1654430,"['blues rock', 'classic rock', 'rock', 'rock-and-roll', 'rockabilly']",64
0WleeEe3UurwlNbDGhb5Yz,ALLMO$T,817192,"['opm', 'pinoy hip hop', 'pinoy r&b', 'tagalog rap']",53
72nLe76yBFSlP6VBzME358,SHAUN,330213,['k-pop'],60
3KwmxIhSe9UTSEF37kwngR,SHAED,154093,"['electropop', 'pop']",59
0iqkVK6sTXi7DZWWOeKy8Q,PDL,122854,"['opm', 'pinoy hip hop', 'pinoy r&b']",50
5KnoVkIUGmK0PiDKMjz2LM,Feder,190796,"['new french touch', 'tropical house']",57
7F9FobwEoTXZRdi1MAUFjX,Alex Gonzaga,57040,['brazilian gospel'],31
6ioOEWNNGK40H8xrGj6XPW,XYLØ,317653,"['alt z', 'electropop', 'indie electropop', 'indie poptimism', 'la pop', 'pop', 'vapor soul']",51
01pKrlgPJhm5dB4lneYAqS,Sigma,294844,"['dance pop', 'dancefloor dnb', 'drum and bass', 'house', 'pop dance', 'tropical house', 'uk dance', 'uk pop']",61
1z7b1Pr1rSlvWRzsW3HOrS,Russ,4526215,"['hawaiian hip hop', 'rap']",77
4utLUGcTvOJFr6aqIJtYWV,Skylar Grey,539551,"['piano rock', 'viral pop']",68
31W5EY0aAly4Qieq6OFu6I,A Boogie Wit da Hoodie,6739024,"['melodic rap', 'rap', 'trap']",80
3hteYQFiMFbJY7wS0xDymP,Gesaffelstein,449454,"['dark clubbing', 'destroy techno']",75
0cGUm45nv7Z6M6qdXYQGTX,Kehlani,6127008,"['dance pop', 'pop', 'r&b', 'rap']",76
4GNC7GD6oZMSxPGyXy4MNB,Lewis Capaldi,9869002,"['pop', 'uk pop']",79
4sTQVOfp9vEMCemLw50sbu,Galantis,3263297,"['dance pop', 'edm', 'electro house', 'pop', 'pop dance', 'tropical house']",74
2uhjpR62cyl0U8HD38yFQ8,JM De Guzman,131158,['opm'],39
2KC9Qb60EaY0kW4eH68vr3,ITZY,4664024,['k-pop girl group'],73
5e4Dhzv426EvQe3aDb64jL,Shania Twain,2662839,"['canadian country', 'canadian pop', 'country', 'country dawn', 'dance pop']",73
6Ad91Jof8Niiw0lGLLi3NW,YUNGBLUD,1969077,"['british indie rock', 'modern rock', 'pop', 'rock']",72
7bT6URJrhJleZUfkrysELD,Armi Millare,12152,['pinoy singer-songwriter'],30
7aerdWadzubpu06Oxysg6R,Paolo Sandejas,29880,"['opm', 'pinoy indie']",47
43CiK1548VVp2DT95joswS,Billy Crawford,14837,"['opm', 'pinoy r&b']",35
1MIVXf74SZHmTIp4V4paH4,Mabel,1666631,"['dance pop', 'edm', 'pop', 'pop dance', 'post-teen pop', 'tropical house', 'uk pop']",70
7gOdHgIoIKoe4i9Tta6qdD,Jonas Brothers,6482163,"['boy band', 'dance pop', 'pop', 'post-teen pop']",75
0ghlgldX5Dd6720Q3qFyQB,TOMORROW X TOGETHER,6772778,"['k-pop', 'k-pop boy group']",77
0haZhu4fFKt0Ag94kZDiz2,Sofía Reyes,2645688,"['dance pop', 'latin pop', 'mexican pop', 'reggaeton']",72
5qa31A9HySw3T7MKWI9bGg,FLETCHER,676126,"['alt z', 'dance pop', 'electropop', 'pop', 'post-teen pop']",69
6WY7D3jk8zTrHtmkqqo5GI,Maren Morris,682237,"['contemporary country', 'country', 'neo mellow', 'pop', 'texas country']",73
1UvsiRB2EarPibq6XRl9Sv,Pricetagg,114416,"['pinoy hip hop', 'pinoy trap', 'tagalog rap']",45
7pbDxGE6nQSZVfiFdq9lOL,Rex Orange County,4536661,"['bedroom pop', 'pop']",80
7jVv8c5Fj3E9VhNjxT4snq,Lil Nas X,11774496,"['lgbtq+ hip hop', 'pop']",81
57RB9qdhVRreynzLJ5tPkD,Avery,91,[],0
3ZZzT0naD25RhY2uZvIKkJ,EVERGLOW,1588942,"['k-pop', 'k-pop girl group']",61
3nlHsNqwCSvT988ZfSW1Yh,Ronan Keating,903225,"['dance pop', 'europop', 'neo mellow', 'soft rock']",61
4HPuFCMUiNcV4f3ew0flbZ,Alisson Shore,246482,"['opm', 'pinoy r&b']",55
6USv9qhCn6zfxlBQIYJ9qs,Dominic Fike,958727,"['alternative pop rock', 'pop']",72
70ljCILl0aVXitf3K39YvT,Join The Club,283445,"['opm', 'pinoy indie', 'pinoy rock']",48
56oDRnqbIiwx4mymNEv7dS,Lizzo,4988609,"['dance pop', 'escape room', 'minnesota hip hop', 'pop', 'trap queen']",80
6vCnF48qqPHgVMBEvcbgkU,CLR,141306,"['pinoy alternative rap', 'pinoy hip hop', 'pinoy r&b', 'pinoy trap', 'tagalog rap']",50
6gcteR920pLEynlHzjSRYd,Kiyo,549338,"['opm', 'pinoy hip hop', 'tagalog rap']",57
5DuzBeOgFwViFcv00Q5PFb,WINNER,2360193,"['k-pop', 'k-pop boy group']",58
2UeuiDT17tm6ljs9D4bSMX,Agsunta,595873,"['opm', 'pinoy rock']",50
4V8LLVI7PbaPR0K2TGSxFF,"Tyler, The Creator",9509264,"['hip hop', 'rap']",84
24CgJHK6T7C5OmUbiLLMjJ,Luh Kel,993213,"['pop r&b', 'st louis rap']",59
0C8kbAJOGo7CHx8jDTyTfR,Mena Massoud,17669,"['hollywood', 'show tunes']",49
2Zi3RrdQqk63Xj0914STkS,Naomi Scott,329997,"['hollywood', 'vapor pop']",61
5sy77gt4bfsLcSQ8GIe4ZZ,Alan Menken,99427,"['broadway', 'disney', 'hollywood', 'movie tunes', 'orchestral soundtrack', 'show tunes']",59
50co4Is1HCEo8bhOyUWKpn,Young Thug,7450589,"['atl hip hop', 'atl trap', 'gangster rap', 'hip hop', 'melodic rap', 'pop rap', 'rap', 'southern hip hop', 'trap']",84
7cVZApDoQZpS447nHTsNqu,LeeHi,1375857,"['k-pop', 'pop']",66
41qil2VaGbD194gaEcmmyx,Will Smith,848518,"['dance pop', 'hip hop', 'pop rap']",67
7zYj9S9SdIunYCfSm7vzAR,JEON SOMI,1634078,['k-pop'],62
4rTv3Ejc7hKMtmoBOK1B4T,Ali Gatie,1947318,"['canadian hip hop', 'pop']",71
2Xr7M6vawpp6zwKOMU7iBU,Reneé Dominique,104758,['pinoy indie'],46
1dpv0XBdgUa5z4vzn7ahIz,Donnalyn,280291,"['opm', 'tagalog rap']",41
14scxEoUN7Dcx1m4EQ7oHe,Ashley O,58753,[],43
7oEWmZ9dKlAVxTgmjUbYr4,J Boog,259664,"['jawaiian', 'kaneka', 'pacific islands pop']",57
3yzRiNMZdTsSUgplcyYZ4i,Blanco Brown,133958,"['black americana', 'country rap']",60
2OYCiru0FZMaAXWn6eL7MA,VVS Collective,28049,"['pinoy hip hop', 'pinoy trap', 'tagalog rap']",37
0YrWkiT8pKvEu71t5Yllj7,Arvey,42547,['pinoy hip hop'],38
71hhKLR9oCOsHLdRIoQ5OU,King Badger,159396,"['pinoy hip hop', 'pinoy trap', 'tagalog rap']",43
0HS00NN7MAfF59aJnfcxSO,Stephanie Poetri,522310,[],55
6USMTwO0MNDnKte5a5h0xx,Y2K,282689,['pop rap'],63
1d8sE3eKAsuUHShVmIwK6d,Psychedelic Boyz,46161,"['pinoy alternative rap', 'pinoy hip hop', 'pinoy trap', 'tagalog rap']",31
4qIVPF0s71ZYW3qzhu5GkF,Kina,735190,['sad lo-fi'],68
4Ga1P7PMIsmqEZqhYZQgDo,Lil Tecca,5447548,"['melodic rap', 'pluggnb', 'rap']",78
117XFtbZPnCI1EYKjYZWJc,Skusta Clee,1425770,"['opm', 'pinoy hip hop', 'tagalog rap']",62
2NjfBq1NflQcKSeiDooVjY,Tones And I,2974797,"['australian pop', 'pop']",72
181bsRPaVXVlUKXrxwZfHK,Megan Thee Stallion,7024417,"['dance pop', 'houston rap', 'pop', 'rap', 'trap queen']",82
1juIpte4oHJ5ngVLPTUPuJ,Justin Vasquez,198328,"['opm', 'pinoy r&b']",45
1vcXQE9gZOF9PCAtdtT51L,Geo Ong,378054,"['pinoy alternative rap', 'pinoy hip hop', 'tagalog rap']",40
6C4irZ60X8G7UimMRQiCcg,X1,347037,['k-pop'],40
3g7vYcdDXnqnDKYFwqXBJP,SB19,549993,"['opm', 'pinoy idol pop']",58
28B54RKpJrEmDoGSTjsfY6,Magnus Haven,414037,['opm'],51
7z5WFjZAIYejWy0NI5lv4T,Dan + Shay,2737492,"['contemporary country', 'country', 'country road', 'pop']",72
5BHFSMEjfLVx1JwRWjAOsE,SuperM,1955069,['k-pop'],55
6ZdzYE3CEgY0Umgi3Dsgv8,Michael Dutchi Libranda,246101,['opm'],42
4ofCBoyEiGSePFAG500xev,Regard,193845,"['dance pop', 'edm', 'electro house', 'pop', 'pop dance', 'pop edm', 'slap house', 'tropical house']",71
3lFMRWaEWZlfXdBig97kks,Nik Makino,353697,"['pinoy hip hop', 'pinoy trap', 'tagalog rap']",61
0vRvGUQVUjytro0xpb26bs,Arizona Zervas,684538,"['pop', 'pop rap', 'rhode island rap', 'viral rap']",66
7FBcuc1gsnv6Y1nwFtNRCb,My Chemical Romance,7041853,"['emo', 'pop punk']",77
4jpsw9CQS439N0B7SecMgf,Ant Saunders,84880,"['chill r&b', 'pop']",52
66W9LaWS0DPdL7Sz8iYGYe,JP Saxe,369181,"['alt z', 'canadian contemporary r&b', 'neo mellow', 'pop', 'uk pop']",67
7xX15v6ahAkcT14kHfB9wB,True Damage,108711,['k-rap'],48
73Np75Wv2tju61Eo9Zw4IR,Idina Menzel,398474,"['hollywood', 'show tunes']",68
7vwlQ7XElRyPMJQGUXBz4O,Tatak Pinoy All-Stars,10006,[],31
1SrWbIDP84JcSDr0oTBAQw,Matthaios,907580,"['opm', 'pinoy hip hop', 'tagalog rap']",53
7KkqUt65v6LMtR369OQ6FB,Jonathan Groff,100939,"['hollywood', 'show tunes']",62
2kHxkdiKCSnHMkhIgFBZaI,Kristen Bell,77680,"['disney', 'hollywood']",64
4dSQICBjdUIp5iK6RRU2bY,Josh Gad,27883,"['hollywood', 'movie tunes', 'show tunes']",60
3MyB0MyKec3Jq0AH2llk7v,Evan Rachel Wood,23478,['hollywood'],57
70kkdajctXSbqSMJbQO424,Kacey Musgraves,1164959,"['country dawn', 'pop', 'texas country']",69
2SrSdSvpminqmStGELCSNd,Stormzy,2536706,"['grime', 'uk hip hop']",71
7uaIm6Pw7xplS8Dy06V6pT,Trevor Daniel,708205,"['melodic rap', 'pop', 'pop rap']",66
4sEykiNSzZbkFkNXTb1bVd,Hotdog,51709,"['classic opm', 'manila sound', 'opm']",42
1vVHevk2PD45epYnDi9CCc,Jack Stauber,1361148,['pittsburgh indie'],63
51Blml2LZPmy7TTiAg47vQ,U2,10163681,"['irish rock', 'permanent wave', 'rock']",77
6gbGGM0E8Q1hE511psqxL0,Ray J,713211,"['pop rap', 'r&b', 'urban contemporary']",55
391oLRVmoTkumiN79HkTWu,Darlene Love,45687,['brill building pop'],42
0XATRDCYuuGhk0oE7C0o5G,MAMAMOO,5763710,"['k-pop', 'k-pop girl group']",64
790FomKkXshlbRYZFtlgla,KAROL G,28339436,"['reggaeton', 'reggaeton colombiano']",87
757aE44tKEUQEqRuT6GnEB,Roddy Ricch,8337822,"['melodic rap', 'rap', 'trap']",80
4r63FhuTkUYltbVAg5TQnk,DaBaby,10043643,"['north carolina hip hop', 'rap', 'trap']",82
4Gso3d4CscCijv0lmajZWs,Don Toliver,2271451,"['pop', 'rap', 'trap']",78
5cj0lLjcoR7YOSnhnX0Po5,Doja Cat,21725772,"['dance pop', 'pop']",88
4vxaQs6vK54nK89J1VtLex,PUBLIC,190979,['indie rockism'],61
4LLpKhyESsyAXpc4laK94U,Mac Miller,7950722,"['hip hop', 'pittsburgh rap', 'rap']",83
1Bl6wpkWCQ4KVgnASpvzzA,BROCKHAMPTON,2006608,"['boy band', 'hip hop', 'rap']",68
2kxP07DLgs4xlWz8YHlvfh,NIKI,1866372,"['indonesian r&b', 'pop']",76
1LZEQNv7sE11VDY3SdxQeN,Bee Gees,6012898,"['disco', 'mellow gold', 'soft rock']",75
3gz6bSc7rsT9g4cB7r4xac,Young Vito,618,[],3
2EGJbNf0Hva2C2N6hvhMXD,Soulstice,61941,"['pinoy hip hop', 'tagalog rap']",38
4XpUIb8uuNlIWVKmgKZXC0,ZICO,1182803,"['k-pop', 'k-rap', 'korean r&b']",61
6Rx1JKzBrSzoKQtmbVmBnM,Hayley Williams,553775,"['art pop', 'indie pop']",64
137W8MRPWKqSmrBGDBFSop,Wiz Khalifa,10705172,"['dance pop', 'hip hop', 'pittsburgh rap', 'pop rap', 'rap', 'southern hip hop', 'trap']",82
4ETSs924pXMzjIeD6E9b4u,Surfaces,866007,"['bedroom soul', 'pop']",71
060TqET6tyyfAQLXDyIDD8,Raf Davis,49668,"['pinoy hip hop', 'pinoy trap']",47
4xXCRXOfQKQ2gjWxNhNzYW,Air Supply,3348898,"['mellow gold', 'soft rock']",67
6bmlMHgSheBauioMgKv2tn,Powfu,1097636,['sad rap'],71
3PDFGpPl4ienSn5Vwisfrh,Flow G,788838,"['pinoy hip hop', 'pinoy r&b', 'tagalog rap']",65
7dxr6AabRWhsfYRyVJlErK,MC Einstein,83253,"['pinoy hip hop', 'tagalog rap']",50
0Cp8WN4V8Tu4QJQwCN5Md4,BENEE,716486,"['alt z', 'nz pop', 'pop']",67
3JsHnjpbhX4SnySpvpa9DK,V,9528921,"['j-division', 'korean ost']",66
2Q9c6ETFOkDDTy53U7DIgr,Maximillian,505812,"['australian pop', 'gen z singer-songwriter', 'pop']",61
74cb3MG0x0BOnYNW1uXYnM,Hillsong UNITED,3505711,"['ccm', 'christian alternative rock', 'christian music', 'worship']",69
4tw2Lmn9tTPUv7Gy7mVPI4,Kenny Rogers,2165644,"['adult standards', 'classic country pop', 'country', 'mellow gold', 'nashville sound', 'soft rock']",67
0H39MdGGX6dbnnQPt6NQkZ,SAINt JHN,877009,"['melodic rap', 'pop rap', 'rap', 'slap house']",71
1Do4bSzfUl0KWL9r1fITu0,Yoon Mirae,270110,"['k-pop', 'korean ost', 'korean pop', 'korean r&b']",55
6dhfy4ByARPJdPtMyrUYJK,Yerin Baek,463326,"['k-pop', 'korean pop']",57
0xRXCcSX89eobfrshSVdyu,MEDUZA,551066,"['dance pop', 'edm', 'pop', 'pop dance', 'pop house', 'tropical house']",75
3r0NbTTxtCBUyxcIR4prXr,Jr Crown,108902,"['opm', 'pinoy hip hop', 'tagalog rap']",49
3FwNjtXQCdxpDOXmgJQGnG,Emman,256787,['pinoy hip hop'],49
2HPaUgqeutzr3jx5a9WyDV,PARTYNEXTDOOR,4131575,"['pop', 'r&b', 'rap', 'toronto rap', 'trap', 'urban contemporary']",75
1lmU3giNF3CSbkVSQmLpHQ,Surf Mesa,150707,['tropical house'],64
3O5HD95HTEPgoPFOjAb7yV,DripReport,98103,['viral rap'],54
2TJHmhbmT7L3gw2NKyDTHh,Manu Pilas,33508,[],51
2AfmfGFbe0A0WsTYm0SDTx,(G)I-DLE,3925847,"['k-pop', 'k-pop girl group']",72
6eJqAWJdd8JhAN1pQGie4r,Casting Crowns,1708920,"['ccm', 'christian alternative rock', 'christian music', 'worship']",63
6L1XC7NrmgWRlwAeLJvVtA,Sam Fischer,188945,"['australian pop', 'dance pop', 'neo mellow', 'pop', 'uk pop']",66
6nfDaffa50mKtEOwR8g4df,GOT7,6116740,"['k-pop', 'k-pop boy group']",63
3ybZTNrlK0QhL4rBxfLHOc,Gaho,306840,"['k-pop', 'korean pop']",55
2PaZWGu5T5nHjY2xxAkFsT,THE SCOTTS,181627,[],58
59IohbmVWokN339BcxYt1S,Danzz,207,[],2
63yrD80RY3RNEM2YDpUpO8,Melanie Martinez,14973937,"['alt z', 'electropop', 'pop']",78
3qNVuliS40BLgXGxhdBdqu,TAEYEON,2554812,['k-pop'],67
19POcrtA9EM2Bvlgf19VPu,Brian Pepito,1534,"['bisaya rap', 'vispop']",38
1IFBgp2dkXquUYSNEY6hK7,Soulthrll,15434,"['bisaya rap', 'cdo indie', 'pinoy hip hop', 'pinoy trap', 'tagalog rap']",47
27CDb3SwK4OdTI0YrGR9vH,Tanya Manalang,1483,[],30
5TnQc2N1iKlFjYD7CPGvFc,DAY6,2833740,"['k-pop', 'k-pop boy group']",64
4YXNoMVTHRt01jYaKXTumJ,Raiden,58399,['korean electronic'],52
76BiSFOr2qBMR7TtLxOG5o,Gian Magdangal,833,[],25
5RmQ8k4l3HZ8JoPb4mNsML,Agust D,9480868,['k-rap'],65
7f4ignuCJhLXfZ9giKT7rH,NCT 127,5621468,"['k-pop', 'k-pop boy group']",68
1XLWox9w1Yvbodui0SRhUQ,StaySolidRocky,159766,"['melodic rap', 'viral rap']",59
6kyw9sh7ryjy1GQdPYH3Yd,Juan Caoile,65642,"['pinoy hip hop', 'tagalog rap']",45
52gTrzyF0DyfkFl1DQz9Oq,Music Hero,103597,['opm'],47
6sFHvCyqklnJpXC9Nh1aag,Alexander 23,318467,"['alt z', 'pop', 'uk pop']",64
4ufh0WuMZh6y4Dmdnklvdl,BAEKHYUN,2461371,['k-pop'],63
0imE3buPhAowREqCrr4CYe,Peach Tree Rascals,203795,['pop'],61
7uDdl5V5AETSFY7K3muu22,Arthur Nery,2275707,"['cdo indie', 'opm']",69
19vSzy8s8Vc04MWTqExkLN,Ajay Stephens,15369,[],30
1slszTGbkp1uNnI6G5uD0X,BANG YE DAM,168075,[],42
56mfhUDKa1vec6rSLZV5Eg,Jawsh 685,107731,['nz pop'],63
7vPGzgDg3qGUY5bWtrO3K4,Conkarah,71657,['jawaiian'],52
3f0X043zSojego7Qn4Yi6U,Ace Banzuelo,123964,"['opm', 'pinoy indie', 'pinoy r&b']",61
0u6GtibW46tFX7koQ6uNJZ,Topic,183088,"['dance pop', 'edm', 'electro house', 'german dance', 'pop dance', 'pop edm', 'tropical house']",74
7Dhd8nNMvFdye1R3Y8wE6C,Lil Vinceyy,9112,"['pinoy hip hop', 'tagalog rap']",35
7nqOGRxlXj7N2JYbgNEjYH,SEVENTEEN,7465124,"['k-pop', 'k-pop boy group']",80
2dIgFjalVxs4ThymZ67YCE,Stray Kids,8903454,"['k-pop', 'k-pop boy group']",79
7bmYpVgQub656uNTu6qGNQ,Hwa Sa,3281442,"['k-pop', 'korean mask singer']",63
3JDG63cSaK3xgDnB2H55Xp,Audrey Mika,167027,[],56
2M4mQMnLHQQXsFsRmTTqsR,Jana Garcia,977,['pinoy singer-songwriter'],29
0NIPkIjTV8mB795yEIiPYL,Wallows,2416403,"['indie pop', 'modern rock', 'pop']",71
6bwp9ObI8FWvMPCIWVBmhl,Red Velvet - IRENE & SEULGI,642706,['k-pop'],52
36cIRruPdUPW82OmPWVUQ7,Michael Bars,3192,[],23
6741jcSlgsv0M3B4ruIPS5,EXO-SC,1104734,['k-pop boy group'],45
2JbE7jUIGtpXSzytnyMg6U,Curtis Waters,79455,[],53
5ENj57ble0bsG2s6C0vVkc,Alessandra De Rossi,1933,[],29
2IDLDx25HU1nQMKde4n61a,Rich Brian,2061265,['indonesian hip hop'],70
5GoU6Zkbt3w10nTYq6vBQh,Twenty-Nine Eleven,13946,[],23
2LIk90788K0zvyj2JJVwkJ,Jack Harlow,2527635,"['deep underground hip hop', 'kentucky hip hop', 'pop']",83
4Uc8Dsxct0oMqx0P6i60ea,Conan Gray,6483225,"['bedroom pop', 'pop']",81
3KonOYiLsU53m4yT7gNotP,TREASURE,2065529,[],67
4BBN286rBKyCWsSPq2cxYO,Sam Kim,393279,"['k-pop', 'korean r&b']",60
1KP6TWI40m7p3QBTU6u2xo,BØRNS,1093228,"['modern alternative rock', 'modern rock', 'pop']",67
6iWghHqk07KYuZWB21Ff4i,Jem Macatuno,15754,['pinoy singer-songwriter'],42
4slXciON4jYY6mqE9LjSFx,Bandang Lapis,334493,['opm'],54
45dkTj5sMRSjrmBSBeiHym,Tate McRae,3058166,['pop'],78
6fWVd57NKTalqvmjRd2t8Z,24kGoldn,1839760,"['cali rap', 'pop rap', 'rap']",74
0eDvMgVFoNV3TpwtrVCoTj,Pop Smoke,10995826,['brooklyn drill'],83
0ZVAv3drBuIRSc88ATH6UK,DJ Noiz,86322,"['dubsteppe', 'nz hip hop', 'pacific islands pop']",49
3Q2ya2vGeOhQ9CaF9wWNP6,Shane Filan,148551,"['irish pop', 'neo mellow']",54
6DiAVYfSzZi8h1fGuTD6LI,Jimmy Bondoc,406330,"['classic opm', 'opm']",46
6DgP9otnZw5z6daOntINxp,Joel Corry,299253,"['dance pop', 'edm', 'pop', 'pop dance', 'tropical house', 'uk dance']",75
1W7FNibLa0O0b572tB2w7t,Pink Sweat$,1359634,"['bedroom soul', 'chill r&b', 'pop']",70
3QJUFtGBGL05vo0kCJZsmT,salem ilese,272912,['modern indie pop'],66
3wVXTWabe3viT0jF7DfjOL,Vedo,347837,"['pop r&b', 'pop rap', 'r&b']",61
3hB5x7E5sQzBHuG3xiqmUC,Logan Harris,2233,[],0
5R4HkjoZdxW3ZoVGC0e0qD,Julian Sean,27850,['opm'],40
3ID2V4b0oGSEbwPENAsdbG,Gagong Rapper,3460,[],0
6MPCFvOQv5cIGfw3jODMF0,Internet Money,657534,"['pop rap', 'rap', 'trap']",73
021sXp6RH5MQCCp2hmal6q,Jom,39004,"['opm', 'pinoy r&b']",46
3V0ZQW0dNuVaFtbVYgSI24,Claire Rosinkranz,316580,"['indie pop', 'modern indie pop', 'pop']",64
7MPGCB854Qo4alYMOPkBka,Ritt Momney,117890,"['bedroom pop', 'indie pop']",60
7dFzqx2qyelGPiBKmdSEOT,Rob Deniel,126984,"['opm', 'pinoy singer-songwriter']",49
543f0NvGig5Moo9XROTUur,Ebe Dancel,127895,"['opm', 'pinoy rock']",49
2C9n4tQgNLhHPhSCmdsQnk,David Archuleta,494157,"['dance pop', 'idol', 'lds youth', 'neo mellow', 'post-teen pop', 'viral pop']",54
3l0CmX0FuQjFxr8SK7Vqag,Clairo,3463739,"['bedroom pop', 'indie pop', 'pop']",75
3paGCCtX1Xr4Gx53mSeZuQ,NCT U,3657762,"['k-pop', 'k-pop boy group']",64
4zrB9WV6Z0iKKnGb1Pj0P2,AJ Rafael,148335,"['opm', 'viral pop']",50
0qlWcS66ohOIi0M8JZwPft,GFRIEND,1425075,"['k-pop', 'k-pop girl group']",60
1r4hJ1h58CWwUQe3MxPuau,Maluma,32143644,"['reggaeton', 'reggaeton colombiano', 'trap latino']",84
6YVMFz59CuY7ngCxTxjpxE,aespa,2405703,['k-pop girl group'],73
20DZAfCuP1TKZl5KcY7z3Q,SLANDER,372430,"['dubstep', 'edm', 'pop dance']",68
2JyNzzFJh2wkkZo7ZjMSs2,JM Bales,8906,[],37
50ifAXDdkDGG0RTON2If8K,Slapshock,160530,"['opm', 'pinoy metal', 'pinoy rock']",45
5t5FqBwTcgKTaWmfEbwQY9,ENHYPEN,4278654,"['anime', 'k-pop boy group']",75
6iVo62B0bdTknRcrktCmak,KAI,790366,['k-pop'],59
7IlRNXHjoOCgEAWN5qYksg,Aya Nakamura,3550791,"['basshall', 'francoton', 'pop urbaine']",68
7MmIC8lbUdmL6c05M63KF6,The Rossman Ensemble,144,[],20
2tIP7SsRs7vjIcLrU85W8J,The Kid LAROI,3977010,"['australian hip hop', 'pop']",82
6XpaIBNiVzIetEPCWDvAFP,Whitney Houston,8349647,"['dance pop', 'pop', 'urban contemporary']",75
4QQgXkCYTt3BlENzhyNETg,"Earth, Wind & Fire",3589366,"['disco', 'funk', 'jazz funk', 'quiet storm', 'soul']",72
0bBz5bRBkExaej2HxtVfCw,347aidan,378154,['sad rap'],69
05YVYeV4HxYp5rrWalvuE1,"Grover Washington, Jr.",268036,['smooth jazz'],63
1McMsnEElThX1knmY4oliG,Olivia Rodrigo,20466394,['pop'],85
0ZUvK7zGdXLd78mQr3t1Tw,Ricky Montgomery,1271264,"['indie pop', 'la indie', 'pop']",70
1HkpK55jsORzgtOURbOeQH,1096 Gang,42671,"['pinoy hip hop', 'tagalog rap']",41
4fxd5Ee7UefO4CUXgwJ7IP,Giveon,2458883,"['pop', 'r&b']",80
0TnOYISbd1XYRBk9myaseg,Pitbull,9550428,"['dance pop', 'miami hip hop', 'pop', 'pop rap']",82
1IQ4CjwKkdARjL5KtYiMt4,Ez Mil,67757,"['pinoy hip hop', 'pinoy trap', 'tagalog rap']",44
2Cm26ufVCzZu7XVrLH3P6O,Hey Its Je,16361,"['opm', 'pinoy hip hop', 'tagalog rap']",47
5WHKBKrvTBMPoQX3v3Bq8J,Leah Nobel,17054,['nashville singer-songwriter'],45
2joIhhX3Feq47H4QXVDOr3,RINI,556461,"['australian r&b', 'bedroom soul', 'chill r&b', 'pop']",61
2d3VHzlOEwXvmBdS4pzOPL,LeAnn Rimes,1162198,"['country', 'country dawn', 'dance pop']",61
3Z02hBLubJxuFJfhacLSDc,Bryan Adams,2740236,"['canadian pop', 'canadian singer-songwriter', 'classic canadian rock', 'heartland rock', 'mellow gold', 'soft rock']",74
6gezkje7GoJlQbHBgLXHuu,Destiny Rogers,129733,[],55
6cK3NBO6uP7hh0oyuVELFl,Saweetie,1657134,"['cali rap', 'dance pop', 'pop', 'rap', 'trap queen']",73
6jGMq4yGs7aQzuGsMgVgZR,Lil Tjay,5590791,"['brooklyn drill', 'melodic rap', 'nyc rap']",81
1U1el3k54VvEUzo3ybLPlM,Kali Uchis,3161641,"['colombian pop', 'pop']",79
4RA4PC3WHM9OHZLExirTcU,APO Hiking Society,604849,"['classic opm', 'opm']",56
1uU7g3DNSbsu0QjSEqZtEd,Masked Wolf,603507,['australian hip hop'],68
7yaaxrkMOWJZXpIYHkppDH,Angela Ken,29719,['pinoy singer-songwriter'],45
1tM4ox3QsSpl3R2VwLjJ47,Larissa Lambert,35479,['chill r&b'],54
3eVa5w3URK5duf6eyVDbu9,ROSÉ,3225525,['k-pop'],63
6l880dxsvN2x5wiceaG6D0,Rico Blanco,485588,"['opm', 'pinoy indie', 'pinoy rock', 'pop rock']",51
2vnB6tuQMaQpORiRdvXF9H,Beach Bunny,1001891,"['bubblegrunge', 'chicago indie', 'indie pop', 'indie rock']",70
3klZnJvYGIbWritVwQD434,Duncan Laurence,427802,['dutch pop'],68
1WgXqy2Dd70QQOU7Ay074N,AURORA,2422276,"['art pop', 'norwegian pop']",73
0FRUZvZNPzM3YJMABJxf2K,WENDY,770261,"['k-pop', 'korean pop']",54
67IN4cLJ7798gUapyZlmac,Zack Tabudlo,2024164,"['acoustic opm', 'opm']",70
6AgTAQt8XS6jRWi4sX7w49,Polo G,8263797,['chicago rap'],83
73B9bjqS2Z5KLXNGqXf64m,Weeekly,494781,['k-pop'],55
3pc0bOVB5whxmD50W79wwO,keshi,1868196,"['chill r&b', 'pop']",74
3ZSbXArE6mxOleJnsumK4u,eAeon,129076,"['k-indie', 'korean electropop']",52
3aQeKQSyrW4qWr35idm0cy,T-Pain,3980492,"['dance pop', 'hip hop', 'pop rap', 'r&b', 'rap', 'southern hip hop', 'urban contemporary']",76
1mCY2mHctggfYiEqpCgcSz,Bonnie Bailey,6459,[],37
1gBUSTR3TyDdTVFIaQnc02,NCT DREAM,5351473,"['k-pop', 'k-pop boy group']",72
4qXC0i02bSFstECuXP2ZpL,Blxst,338495,['pop rap'],73
1DlYnIiliftt6R21Y5NOW2,Adie,888602,[],69
26cMerAxjx9GedFt0lMDjm,Bella Poarch,851841,['modern alternative pop'],66
2WgfkM8S11vg4kxLgDY3F5,StarBoi3,25695,[],54
3Dr5ezvDdYsycy1gfaZWSL,raven,26016,['pinoy indie'],34
0UntV1Bw2hk3fbRrm9eMP6,B.I,515360,['k-pop'],64
043r4OwwUAYREkBLK5jAiV,FM Static,226328,"['canadian ccm', 'canadian pop punk', 'christian alternative rock', 'christian punk', 'pop rock']",51
0sYpJ0nCC8AlDrZFeAA7ub,JOY,651977,['k-pop'],52
5GVk1KCKa1tdHRev4bMw7V,NOBITA,703259,['opm'],62
7d86ERlvO5UG44j7Va0Y0C,Pamungkas,3509634,"['indonesian pop', 'indonesian singer-songwriter']",68
1mcTU81TzQhprhouKaTkpq,Rauw Alejandro,13613835,"['puerto rican pop', 'trap latino']",89
3RqBeV12Tt7A8xH3zBDDUF,Kelsea Ballerini,934301,"['contemporary country', 'country', 'pop']",69
1bgvuzIjHq12cBsfXCoEBe,Nightbirde,160467,[],46
2LkkwxA19J8C52wPQl5bG6,Jamie Miller,376773,"['pop', 'pop soul']",66
0lAWpj5szCSwM4rUMHYmrr,Måneskin,6179992,"['indie rock italiano', 'italian pop']",78
6feZH59Dj4tl1bQ8D2gukz,Donell Lewis,36732,"['nz hip hop', 'pacific islands pop', 'slow game']",49
4B65DA1kjKLdgTJydNNDHB,8 Ballin',9133,"['pinoy hip hop', 'pinoy trap', 'tagalog rap']",40
70NcAr4ZtA3FAqU16iQZSb,dhruv,349302,"['chill r&b', 'nyc pop', 'pop']",68
4wP1kxjUsc9IR4Iy2smL7o,Trinidad Cardona,162065,[],62
4yvcSjfu4PC0CYQyLy4wSq,Glass Animals,3283085,"['gauze pop', 'indietronica', 'shiver pop']",80
52zMTJCKluDlFwMQWmccY7,LOONA,1980132,"['k-pop', 'k-pop girl group']",66
7gXy60xRcwYujBFoYHnR2O,Big Red Machine,131158,"['eau claire indie', 'folktronica', 'indie folk', 'indie pop', 'indie rock']",55
2kRfqPViCqYdSGhYSM9R0Q,Madison Beer,5404351,"['alt z', 'dance pop', 'electropop', 'pop', 'post-teen pop', 'uk pop']",72
2Ev7vtPI38BE2kQvwmH4ce,Arthur Miguel,217002,['opm'],59
404RA7nuwzYA8WskpMgUp1,Belle Mariano,108426,['opm'],49
3kft86DbqCNr7rjq3pEj0G,Sarah Cothran,266972,['gen z singer-songwriter'],61
2CQZr2RPZmrcvDnaod1ldC,D.O.,1521857,['k-pop'],59
4OBJLual30L7gRl5UkeRcT,T.I.,4330134,"['atl hip hop', 'dance pop', 'dirty south rap', 'gangster rap', 'hip hop', 'pop rap', 'rap', 'southern hip hop', 'trap']",73
70ZTdbPEcEugBNay4MvxfL,Bread,1318336,"['adult standards', 'folk rock', 'mellow gold', 'singer-songwriter', 'soft rock']",63
7gXb99Sf9nNmpNYeAgIQFG,Sub Urban,1326732,"['modern indie pop', 'viral rap']",68
56OjNTX2bkrdGcB0staUOV,A-Wall,48181,['bedroom pop'],60
5GdspZ491zr64zzwVJJjJZ,Shehyee,93246,"['pinoy hip hop', 'tagalog rap']",44
4NslYs4dIwJjyAmfak2Yc2,Lipip,11077,"['pinoy r&b', 'tagalog rap']",43
7okSU80WTrn4LXlyXYbX3P,Clinton Kane,771723,"['alt z', 'gen z singer-songwriter', 'pop', 'uk pop']",68
3OGOEwy4VOWKjSAcdiY8Gf,Lance Santdas,6901,['tagalog rap'],46
51sob9QZyfLff9XqvYluN5,Sezairi,96722,"['singaporean pop', 'singaporean singer-songwriter']",57
6TLwD7HPWuiOzvXEa3oCNe,Oliver Tree,1845831,['alternative hip hop'],70
41X1TR6hrK8Q2ZCpp2EqCz,bbno$,1102891,"['canadian hip hop', 'dark trap', 'vapor trap']",72
01XYiBYaoMJcNhPokrg0l0,STAYC,976023,"['k-pop', 'k-pop girl group']",68
5L1lO4eRHmJ7a0Q6csE5cT,LISA,3614026,['k-pop'],71
2M1iyuNJojQoNdyfIMr54j,jikamarie,25737,[],42
2kCO8LXN1usaOPL3iEE28I,Tai Verdes,614794,"['modern indie pop', 'pop rap']",70
64H8UqGLbJFHwKtGxiV8OP,THE ANXIETY,149905,['modern alternative pop'],64
3PhoLpVuITZKcymswpck5b,Elton John,10007438,"['glam rock', 'mellow gold', 'piano rock']",84
048LktY5zMnakWq7PTtFrz,CKay,985802,['afro r&b'],73
1FtBEIWAwvw5ymBen5GICR,Chlöe,203588,"['pop', 'post-teen pop', 'r&b', 'rap']",63
3uwAm6vQy7kWPS2bciKWx9,girl in red,5212409,"['bedroom pop', 'bubblegrunge', 'indie pop', 'norwegian indie', 'pop']",76
4pfy05cNNTacuOQ6SiSu4v,Lyn Lapid,314919,"['alt z', 'gen z singer-songwriter', 'indie pop']",61
027TpXKGwdXP7iwbjUSpV8,The Walters,401764,['chicago indie'],71
64k5e9kV9MdukXjFrR5R37,Jessi,1494421,['k-pop'],65
35R1B97CfrqKFFI3QBkTDx,RealestK,191626,[],64
7c1HgFDe8ogy5NOZ1ANCJQ,"Car, the garden",109416,"['k-indie', 'korean pop']",51
1h6Cn3P4NGzXbaXidqURXs,Swedish House Mafia,3596538,"['edm', 'electro house', 'pop', 'pop dance', 'progressive electro house']",76
1Cd373x8qzC7SNUg5IToqp,BoyWithUke,2182245,[],76
0hDjKSKjl1DC7ovYTDJHe8,Bruno Major,944310,['pop'],68
42daDEQTdYaqtHG5sH5HMD,Celina Sharma,22244,[],51
5vV3bFXnN6D6N3Nj4xRvaV,JIN,3147803,['k-pop'],60
7zkwepHPyac6tCYl0fL0co,ASTN,229893,"['bedroom soul', 'chill r&b', 'pop']",61
22wbnEMDvgVIAGdFeek6ET,Benson Boone,415623,['pop'],72
4XDi67ZENZcbfKnvMnTYsI,Jay Park,1780940,"['k-pop', 'k-rap', 'korean r&b']",67
21UPYSRWFKwtqvSAnFnSvS,Amaarae,137200,"['afro r&b', 'alternative r&b', 'ghanaian alternative', 'ghanaian pop']",64
2VSHKHBTiXWplO8lxcnUC9,GAYLE,520994,['modern alternative pop'],70
6QrQ7OrISRYIfS5mtacaw2,Jaymes Young,817955,"['modern rock', 'pop']",71
051S1Ka6cz3BQ5kobDhIvj,M Zhayt,7659,"['pinoy hip hop', 'tagalog rap']",41
6RHTUrRF63xao58xh9FXYJ,IVE,1114398,['k-pop girl group'],75
31fsDbpNPKe346urriO4ma,mrld,128260,['opm'],61
71szvmFWd7TUa7b6XmXj9k,Emmy Meli,151062,['high vibe'],58
4pnp4w9g30yLfVIAFnZMRd,ACRAZE,72162,[],68
5Qnl3RAtzne7J1dxRv1UBc,NCT 2021,126899,[],43
1Hcbuz175YJT1vMX4DnS6E,Bugoy Na Koykoy,181771,"['pinoy alternative rap', 'pinoy hip hop', 'tagalog rap']",51
67lytN32YpUxiSeWlKfHJ3,Yung Lean,737288,"['psychedelic hip hop', 'underground hip hop']",67
72Nhcx7prNk2ZCxhx0Y5es,Amy Grant,191002,['christian music'],54
60glra0QYcARAJr4OeJVNP,blondette,889,[],63
29PgYEggDV3cDP9QYTogwv,Carolina Gaitán - La Gaita,45297,[],63
329e4yvIujISKGKz1BZZbO,Farruko,13959629,"['latin hip hop', 'reggaeton', 'trap latino']",84
7i9j813KFoSBMldGqlh2Z1,Riton,103003,"['dance pop', 'edm', 'house', 'pop dance', 'tropical house', 'uk dance']",67
2l35CQqtYRh3d8ZIiBep4v,MKTO,995098,"['dance pop', 'pop', 'pop rap', 'pop rock', 'post-teen pop', 'uk pop']",66
4vdAAzZBUKbsrvHi6UR7B7,Jessica Darrow,16615,[],60
18MFcGBHtyW0mU3ufcm0X1,Diane Guerrero,5212,[],64
6uNxlIP5lzPFf0BHuELOuX,GOT the beat,350623,[],56
5R7AMwDeroq6Ls0COQYpS4,Kep1er,777833,['k-pop'],66
4TdiASPlU3QdZvGQBothcQ,WOOZI,109084,[],43
1NRzxuPpdGushT8YmF5NAa,Edison Lighthouse,35496,['bubblegum pop'],59
5PYToRCsrnvikZg3yl2JMr,Stephanie Beatriz,37521,[],69
2qnQOnL1oLKtH779qZ6iuR,Ylona Garcia,123549,[],49
6SKusTjOAPsTZ6kareKQdm,TAEYONG,969205,['k-pop'],58
07YUOmWljBTXwIseAUd9TW,Sebastian Yatra,19920169,"['colombian pop', 'reggaeton colombiano']",81
79AyR6ATpj2LTPxfb6FX50,Lauren Spencer Smith,790627,"['alt z', 'gen z singer-songwriter', 'pop']",71
4t5uGGNiFjujYEEyVVDEwc,Alfie Castley,16516,[],48
73BLwSX6gsNeVzS7DgI4xe,grentperez,195349,[],63
35CFI6iSFTyM0scQKBu8eE,Kim Kyung Hee,22176,['korean ost'],45
09wV1iFg4DBtreMGzepTaE,Gatton,56859,"['gen z singer-songwriter', 'opm']",55
6sCbFbEjbYepqswM1vWjjs,Zendaya,3414233,"['dance pop', 'pop', 'post-teen pop']",70
2hlmm7s2ICUX0LVIhVFlZQ,Gunna,4553803,"['atl hip hop', 'hip hop', 'melodic rap', 'rap', 'trap']",84
7tjVFCxJdwT4NdrTmjyjQ6,Muni Long,171054,"['indie r&b', 'pop', 'pop r&b', 'r&b', 'rap']",64
70DFixYAFPv4Pf9kgSfR9O,MARK,366067,[],46
6SuhlH2L1NB53bBscBqAdu,David Pomeranz,186598,"['opm', 'soft rock']",56
6HaGTQPmzraVmaVxvz6EUc,Jung Kook,3840006,[],77
3KV3p5EY4AvKxOlhGHORLg,Jeremih,5899452,"['chicago rap', 'dance pop', 'pop', 'pop rap', 'r&b', 'urban contemporary']",74
6tbjWDEIzxoDsBA1FuhfPW,Madonna,6324353,"['dance pop', 'pop']",77
2W8yFh0Ga6Yf3jiayVxwkE,Dove Cameron,3725283,"['pop', 'post-teen pop']",73
2P3aLwJ41aRYkyFFw2FRM7,Sam Concepcion,149911,['opm'],55
3b1iS74Wn1vc8DMDoxXu3s,J-King,8459,"['pinoy hip hop', 'tagalog rap']",44
48vmXfV0QPy3ljXBp81Fwn,Coyote Theory,82766,[],65
28ot3wh4oNmoFOdVajibBl,NMIXX,622265,['k-pop girl group'],61
7o2ZQYM7nTsaVdkXY38UAA,Em Beihold,256426,"['alt z', 'gen z singer-songwriter']",68
164Uj4eKjl6zTBKfJLFKKK,JVKE,535271,['modern indie pop'],75
4ZZiDxjlriIvH5WQtzFMVk,Ghetto Gecko,35100,"['pinoy hip hop', 'tagalog rap']",49
2zgF783l4A3tMjr081z1wt,Nica del Rosario,10605,[],41
7LzHjduJmIQZGQsh8luHkD,Zae,24867,"['pinoy hip hop', 'pinoy trap']",41
1dFRlDO2Z2gjAARxHlovAS,Lo ki,85201,"['pinoy alternative rap', 'pinoy hip hop', 'pinoy r&b', 'tagalog rap']",61
3rdJ1bFvwgZw2XZkimg5dW,Young Cocoa,9944,[],43
67MNhiAICFY6Pwc2YxCO0K,Elley Duhé,314001,"['alt z', 'pop']",75
3rWZHrfrsPBxVy692yAIxF,WILLOW,2233638,"['afrofuturism', 'pop', 'post-teen pop']",76
4eKq7eArL96wSQjaaMg9Ic,Munimuni,495579,['pinoy indie'],53
4Kxlr1PRlDKEB0ekOCyHgX,BIGBANG,4881221,"['k-pop', 'k-pop boy group']",65
2HPqVfdPh9JkBSlFG5hK6h,anees,284613,[],62
7qmpXeNz2ojlMl2EEfkeLs,Nicky Youre,59481,[],74
3jjbX9cm5Np3ekAypS71si,Cliff,2136,[],50
1oSPZhvZMIrWW5I41kPkkY,Jimin,2100102,[],66
3L1qgTsUqavkiygkIKfWJD,Denise Julia,46739,[],62
581C5Qwl87TskfBEzuoisu,Cafuné,103485,['brooklyn indie'],69
33rSKWwmnBGNLBipO7E7oM,Gabriel Valenciano,2185,[],22
2dd5mrQZvg6SmahdgVKDzh,PSY,1493915,"['k-pop', 'k-rap', 'korean old school hip hop']",67
5uRUbTUQysRUR7PUy7pimM,Ric Segreto,57969,"['classic opm', 'opm', 'soft rock']",52
4SpbR6yFEvexJuaBpgAU5p,LE SSERAFIM,585635,['k-pop'],69
5XKFrudbV4IiuE5WuTPRmT,Stephen Sanchez,208309,"['gen z singer-songwriter', 'pop']",75
6XUGs69dkSiTUQCBdpiT31,Agat,1286,[],24
69bG9tC62d8oTFC9aTTosn,New West,96420,['toronto indie'],61
1vfezMIyCr4XUdYRaKIKi3,Keyshia Cole,3150566,"['contemporary r&b', 'dance pop', 'hip pop', 'neo soul', 'pop r&b', 'r&b', 'rap', 'urban contemporary']",65
1aSxMhuvixZ8h9dK9jIDwL,Kate Bush,1438576,"['art pop', 'art rock', 'baroque pop', 'new wave pop', 'permanent wave', 'piano rock', 'singer-songwriter']",79
3jNm5wvIx1eR5NDdXhMkNV,Duke & Jones,45781,['uk dance'],62
4Ly0KABsxlx4fNj63zJTrF,Seafret,663502,['folk-pop'],73
1VwDG9aBflQupaFNjUru9A,NAYEON,526449,[],71
29zSTMejPhY0m7kwNQ9SPI,Lola Amour,231668,"['opm', 'pinoy indie']",58
4fwuXg6XQHfdlOdmw36OHa,Paloma Faith,1082007,"['british soul', 'dance pop', 'uk pop']",72
53A0W3U0s8diEn9RhXQhVz,Keane,2637883,"['neo mellow', 'piano rock', 'pop rock']",71
57vWImR43h4CaDao012Ofp,Steve Lacy,2030708,"['afrofuturism', 'pop']",84
2YOYua8FpudSEiB9s88IgQ,Yung Gravy,1458010,['minnesota hip hop'],75
46xBNx0j6cwY6sD9LgMTm1,Rosa Linn,75830,[],76
6HvZYsbFfjnjFrWF950C9d,NewJeans,556186,[],76
0Sadg1vgvaPqGTOjxu0N6c,Girls' Generation,2230330,"['k-pop', 'k-pop girl group']",71
7Ln80lUS6He07XvHI8qqHH,Arctic Monkeys,15829409,"['garage rock', 'modern rock', 'permanent wave', 'rock', 'sheffield indie']",86
1Qp56T7n950O3EGMsSl81D,Ghost,1715558,"['hard rock', 'metal']",77
6bDWAcdtVR3WHz2xtiIPUi,Fujii Kaze,894852,['japanese teen pop'],71
5kjFzBMHeoAx9xksFSwfUW,yuji,15569,[],56
6vbKIm1WsvhMMDpthYONc1,Balming Tiger,27075,['k-rap'],64
3mzdfGKp0mQXzuNoS8z915,Cookie$,24521,"['bisaya rap', 'pinoy hip hop']",48
0z4gvV4rjIZ9wHck67ucSV,Akon,3339497,['dance pop'],79
2owtRYReKCG1n2AAS5AcpS,Kenaniah,13252,['pinoy indie'],47
